ucl_id,x,y
1,531203.4856787067,182832.01292656513
2,525208.0836187568,179391.92807866406
3,532985.7852528284,182001.59699925268
4,530437.7364621961,182911.99406786758
5,528050.9658360105,178742.00371917966
6,528858.4282225688,181542.9398556982
7,527159.0287119617,183300.76419377374
8002,526102.4002552698,182780.03055072273
8001,527032.7312910245,182634.52168091765
9,532204.9507784634,180434.5600629283
10,532464.8988808172,180284.3139415586
11,530349.1823278387,182230.04126057512
12,529805.5274991977,181963.5236136645
13,529421.4830297161,181757.212708358
14,530254.7440472281,182894.50093416026
15,529995.6217536867,181528.39702285803
16,530101.127331653,182491.52539377724
17,531291.9802558417,181999.49408958707
18,530394.9407189225,181209.69471479178
19,529745.3828384608,182336.98834282754
20,529452.5304654262,182628.29337276262
21,529198.0667101275,182882.42276959517
22,530938.3207738572,182057.46717022266
23,530596.4920911691,181733.86595648684
24,530212.1152621538,181684.49751677888
25,529659.1020147927,182755.74353526754
26,530631.4986863679,182607.84588691697
27,531389.306841671,181129.59331214335
28,528885.8622701783,182144.52299616422
29,525452.9749770141,180970.0157085223
30,532351.3818024835,182860.79392095027
31,533048.669950577,182921.6321713301
32,532987.4376534566,182381.3251113505
33001,534162.8556963443,181535.3445253395
33002,534011.8424955762,181396.0428278633
34,529842.6468592036,183349.08513651392
35,528976.1292209206,180860.69220659672
36,526076.260496857,179650.39042056783
37,525591.3543183221,178509.7580425811
38,525236.9265484924,179145.72650356253
39,533420.1012393037,182579.84309531172
40,533612.0595129118,182016.58252385497
41,533063.8870611326,181967.03112211963
42,532312.6245389454,183064.31453020195
43,527953.6230676847,181758.42515667493
44,528883.6831646139,180722.2574224862
45,527592.5479919615,181999.82339788717
46,534254.9956070116,180460.0293065948
47,526095.4043419921,182055.24674754805
48,532002.8568325408,180996.71460409276
49,528773.3468170352,180311.30375163123
50,532766.3844650554,182818.0999537094
51,531604.0205348289,182570.30048611556
52,532264.3885781453,182168.6000779621
53,528932.2762263227,180640.58980981732
54,532299.7918343649,182035.3199408626
55,532853.7260861979,181529.76835139788
56,528124.9748988836,181798.79624664888
57,530510.3894901155,182166.96891322482
58,533348.022930421,182371.9717033321
59,530893.7400692604,183113.89884929324
60,526895.3086461852,182420.4454888928
61,532719.3321934516,179334.95662590564
62,531566.9549768985,178567.79663192236
63,532598.7492342768,183060.42641642346
64,530234.5964448442,180614.81608848012
65,529465.4651518913,182349.5426136041
66,531326.8578744729,181587.44417561922
67,531367.9786475587,181685.9863806144
68,530762.0990010143,181867.42935675214
69,529516.7836964031,182463.0170897002
70,530704.7944231585,183063.7427207278
71,532014.5001622317,181323.6184478724
72,531332.8385989316,182207.41541649308
73,532703.7108309292,182488.52257292985
74,530321.0438789118,177997.03270497994
75,531506.175769336,183177.79253124748
76,528847.3996646383,182374.66652375791
77,530238.3224178135,182167.88743841148
78,531942.9404903782,182373.33915611834
79001,532202.8716858854,178631.35699731595
79002,530983.9951023081,180886.00465745974
80,531832.1631672131,179680.31820180913
81,529053.735866437,181785.4698424054
82,531157.0230457729,181174.00168607518
83,529764.8645992969,180622.4977688254
84,531116.1019973878,181357.99995204335
85,533462.6951756219,179717.62910488696
86,530957.426828019,178409.7429694372
87,533341.2275824539,181474.99147723464
88,529701.8530230399,181616.69866180822
89,530272.7009075908,182483.9047637275
90,529166.9289581757,183208.89329062955
91,531232.9020753104,178884.9852257131
92,531951.8648388813,179483.5685159177
93,531254.0242289592,183417.0822656448
94,532978.2514698347,179083.33228960104
95,532103.657550053,181929.39788744698
96,533380.8031419916,183087.69336026022
97,526166.3157517852,179228.45336413203
98,529253.5586404228,182379.0870677568
99,527894.5993607177,181124.67758645897
100,530423.6166404223,178502.5183260959
101,532435.8247950468,180904.37879759033
102,533550.8231669449,181139.86905204295
103,525543.4998324577,179969.57736576837
104,533533.3591582568,180937.77157882357
105,525673.2662024173,181175.19224749296
106,528656.524215468,181091.27659249847
107,532159.6122733183,182505.7178700248
108,529756.5274109794,179341.16593215178
109,529691.0970013184,181287.38071874308
110,526853.5450659882,183153.25309385348
111,527975.9221980758,180619.20217750437
112,531568.0061841658,181355.54812542856
113,526208.2486221015,179066.81350829895
114,527818.2234647325,182228.71273558604
115,533774.2523881111,181237.77414089872
116,529063.2547260104,181145.54355354625
117,530963.1662282811,178788.45405344042
118,529528.7133890373,179079.53521847323
119,532539.3813783107,182502.8157454824
120,532413.9229173602,181369.17490899534
121,528027.9526645325,181610.41062608612
122,533384.2091182831,181993.12434907962
123,531569.671569699,182752.12920953654
124,528455.8628376744,179132.21667574748
125,532357.3490818811,179694.07453755703
126,532170.8791491387,181594.9741019152
127,532354.4522660223,181509.28312347067
128,526071.9038474149,178940.9206635254
129,529374.5275797223,180863.80771505123
130,533654.791605114,180708.50054810493
131,529332.175451352,183211.5409931037
132,533662.2685332135,182282.4155510058
133,525627.4729443293,179597.88862879685
134,534187.9742724329,180210.43889107788
135,531585.4718693919,182185.02061051928
136,532122.2548323177,180941.73004825704
137,528304.1390487837,178497.46088592452
138,527958.4255826025,180870.13051231526
139,530746.3504734337,179005.42851201416
140,532915.4029462092,181964.03453468747
141,528659.9370081533,181225.2269352327
142,525174.695347542,178736.6065285313
143,527740.0335485042,179152.24044397438
144,531217.293621871,178356.4621619311
145,524845.1002181742,179509.51862054167
146,529974.4468426943,178260.56818441494
147,530815.8863965278,181239.65305639582
148,529338.8273543403,178661.20322059497
149,531281.4819249765,177896.20809415076
150,527204.1922752339,179157.6135798248
151,524897.5339906756,180778.52319584368
152,531895.1979029671,178733.42221054208
153,526790.0451597341,180791.66599999327
154,531078.3541700081,180005.5644427046
155,525609.8156855982,178985.6788193179
156,532486.7394675061,179000.9540920253
157,525518.6631438583,179487.60132398782
158,525329.5171916634,178420.95848634053
159,529311.5199538849,181165.20782354462
160,529755.1474485731,180287.75418166415
161,529132.0600979547,178682.0988471383
162,530448.7349183668,181526.65622657054
163,527285.904399227,178728.9187634036
164,526167.2020426076,181195.99905246688
165,526119.2938940001,181453.51927580923
166,527862.6728027505,179708.13208832336
167,528690.9028976607,178849.51281399385
168,525352.9123186241,179483.8461905123
169,527415.3771490571,181131.33394637762
170,531339.2771405219,182688.63575951103
171,525981.0858493852,178521.84428350476
172,526887.3003853246,178499.41678123304
173,531063.0082973792,180124.0126993372
174,530891.0044712031,180972.96438446868
175,533226.3499288892,182059.0883303102
176,525815.307753733,181444.53706381144
177,529148.0814893992,179107.02015647676
178,529098.1314122127,178404.16279643762
179,529415.3570531635,180179.16662291
180,528219.7607613164,180947.48753495392
181,528349.7361285662,179448.5608110312
182,527347.965756257,181940.05275060073
183001,531043.4100129154,180919.1390186912
183002,529521.9955052163,177581.0418359182
184,528782.9085787492,181830.00725397636
185,529185.3356226187,178206.30440811958
186,526669.4616804786,181400.88505367766
187,526556.3364132103,178632.26481289603
188,527463.860438538,181329.7273529932
189,531200.1765667317,183110.5669686217
190,529728.0037836811,178433.54181641788
191,528255.8423873715,179858.5746557741
192,529639.3649843306,180939.3247666979
193,531949.589851632,180253.55218945758
194,532536.8105040786,180136.40760647773
195,531525.4935791298,180401.24319300032
196,532072.886360184,180019.73198917427
197,531157.7161898278,180205.35085647873
199,533129.3518788273,180803.65249909332
200,534289.8286450696,181328.26760047622
201,527674.51412623,182011.45215428167
202,534056.9977133087,181037.13158805174
203,531871.8165359902,181631.49229445332
204,531040.0692743344,182542.5897808565
205,534511.25950096,181692.3363875157
206,534514.9071101749,181693.54576174443
207,528283.4197081126,179662.8709604753
208,527307.5603712032,182275.42164849117
209,527478.7438184649,178778.14682267635
210,528328.0793255575,181384.41573254764
211,527961.3436878718,178908.3281486584
212,525089.7372808885,180165.46896066662
213,528531.1815659174,179823.46632977627
214,529785.8805435287,182536.8737145716
215,532736.9943553896,181748.6077744768
216,526369.1187984559,178456.9176553093
217,533152.2438225867,181435.20531376987
218,527135.9537890209,178339.27258732409
219,525732.3892747117,178354.12354702194
220,527390.801373952,178451.13600772637
221,529879.9679067,178975.99449129088
222,528129.91791579,179815.22944340907
223,532682.7203000657,178677.68137776648
224,525821.8270059221,181094.30109736905
225,525261.3352824389,180477.69495030568
226,529737.0244480601,180489.03485659312
227,530822.0085410203,182794.68740633834
228,529555.33106042,180370.78801887034
229,530351.7966501102,180293.00436493388
230,531742.2763104879,180345.5430968796
231,526531.4635451159,178797.2197736511
232,531051.1129314589,181253.16941952874
233,529826.4498738055,180416.0955478229
234,531394.6781588183,183431.29110117367
235,531235.8169733003,179111.17535213835
236,533768.9833901199,181699.00171740312
237,534160.3195919439,180752.97804472927
238,526700.9947729624,182071.20358434273
239,529271.3886980262,182256.69220418687
240,531568.520994565,180203.72623860906
241,528205.6413381845,178861.06930747628
242,528352.8269508615,181963.0027093835
243,529254.604244444,178531.3182176514
244,529949.4781891165,181348.2843992766
245,529091.180932482,177903.3606039096
246,531913.730803631,182148.2435299146
247,527154.2100677753,182827.95108676783
248,527083.4653298652,180200.1199270236
249,532247.7160558327,179457.87152546353
250,527653.7311512561,178376.16447011125
251,533364.3556450026,181747.12044313154
252,530817.9075544104,180092.77342615958
253,532825.6074908422,183417.21821106825
254,531446.72830431,182988.8613363583
255,526384.2717081017,182310.5639167201
256,530776.7904555905,181091.53855334682
257,528105.361605039,182009.50115564186
258,526516.014529044,179627.48692117422
259002,528254.8473777256,178565.20772552147
259001,530351.6315216962,180115.29164523724
260,529470.9774570778,181065.22494674544
261,525601.8598817074,180946.3200357305
262,531765.4596409139,179461.70895920438
263,533280.123108233,181223.78871795174
264,531260.8264581248,182530.81896609912
265,527128.5840733055,181258.45894223003
266,526406.8528372138,179579.5950772441
267,529765.2018481101,178666.38903085777
268,528935.339543942,178772.58174388617
269,532688.9421795935,179716.96142121934
270,530457.1572611848,178047.92515961418
271,527972.3458511127,183492.11242698063
272,531232.5673071111,179748.37545145315
273,530942.4245401277,180262.56084831845
274,524680.8433262411,179056.8427507092
275,532464.2181772189,181850.09681835538
276,532994.3608838287,180668.47524419706
277,525620.1894734191,179797.10829216428
278,533383.5260121792,180032.36329454067
279,526607.9656945476,181542.44998619088
280,527674.7610851335,178393.4946222072
281,530077.3428848942,179091.2024273065
282,534724.1743811094,181800.35591517022
283,530655.5410723913,181176.1060173416
284,531146.7296275399,179489.77817039285
285,528943.5002746203,179302.67991211684
286,526722.1088404468,182510.37065942038
287,529942.3547363977,182188.684000889
288,528705.4173761774,178673.9548611457
289,528393.093931074,180542.14978530066
290,526693.3437296979,181339.61242778576
291,529378.5510333049,177853.13172103
292,527438.219562397,179366.8812841833
293,524384.6849113656,179210.48813007493
294,529539.2730430068,178233.99983807997
295,532480.7276360666,179652.88792342192
296,525708.3480786463,178739.4205053047
297,531573.9270930866,179165.53612676344
298,533764.0627540856,179907.26867558056
299,529433.2086247717,178872.1342423401
300,526894.5330750269,180035.38925028365
301,528598.9646954775,181162.70488231338
302001,532591.861582153,181616.95890327182
302002,523977.98195378657,175723.25004801532
303,527913.8024506218,179831.70848722145
304,527635.4461325742,180844.53913037584
305,530916.7640510123,178108.36068953242
306,529496.7959302568,181564.17618573143
307,525855.1281036964,180554.11862205068
308,532976.8479589837,179530.07953331806
309,530629.7174396007,180643.76141160174
310,530831.6173485563,178561.0684421297
311,529115.1102118734,181667.7416600277
312,526565.3032205587,182906.37835675542
313,529287.715611364,181467.71715621732
314,533145.5727060611,179736.24377671297
315,528197.3700691493,182332.8500163635
316,529074.6477075632,179274.62767079956
317,532411.060835998,179261.04301629763
318,529254.718489444,180655.01080409932
319,532695.9802868548,182632.98340827506
320,529224.2485924812,178821.08623050654
321,533262.0592125792,179401.7864983378
322,527726.2707688453,180858.0595270057
322,533710.0220551178,182578.0078296982
323,533086.9812609171,182217.01304340916
324,531893.2723005918,179217.42992711626
325,529892.2407049465,180564.32693786186
326,531886.3066228394,183239.0607645915
327,532888.4958711803,183074.67641971656
328,532888.4958711803,183074.67641971656
329,527655.3160518409,183490.47555809334
330,526441.383556921,181292.9447620415
331,532620.5868170076,181944.75710668473
332,525420.7141319602,178700.1616821282
333,525447.8342794196,180399.06270096492
334,530864.6945044688,180139.37860636966
335,530507.0904098875,180900.66490606015
336,530887.0553360034,180128.6040454933
337,525180.0514567445,180668.41545572196
338,530582.3578554527,180879.00757341075
339,531066.0101039978,183291.0447333812
340,532798.8692849369,181235.2256405697
341,530150.1993477545,180461.42975886032
343,528392.6181681026,183623.5660910812
344,531826.5748115715,182746.10470389668
345,527370.8034121793,178156.76216761547
347,531011.6483851713,179597.35016140208
348,528441.3866995096,180870.51783317694
349,528976.1292209206,180860.69220659672
350,526432.1572402029,179656.7799284052
351,532093.9649527661,182884.02649828146
352,530862.7069967821,178127.55589269573
353,529618.56629436,178944.28811629605
354,530314.9330953613,180316.98511432047
355,530817.9316037564,178083.00637749943
356,526866.9692092867,178854.9832587333
357,529211.9676908096,181871.94671865855
358,530209.9800714147,181366.85945251677
359,529525.6079674454,179302.34094163036
360,529300.0866528382,179176.75783374143
361,531036.2081290127,180018.72138497425
362,529519.9731368306,183578.97653184907
363,526957.661961366,182719.4384560957
364,529678.9796414039,181734.95773788862
365,531880.0304593067,182980.95440207882
366,528400.1458078385,180730.27099324914
367,527474.3830624989,181425.01936705317
368,527859.9654445186,179528.57891156134
369,531427.985896699,180834.03872388514
370,526746.0087370237,181722.03731759387
371,531300.0197257013,179338.94779123773
372,530695.9967391241,181266.0566032573
373,526676.0553047096,179450.5418203271
374,531005.5012644922,180029.94790068234
375,525422.4531992786,179657.4761537027
376,530220.3944941134,178658.43888516136
377,531016.0667541139,180177.77353144728
378,526502.9505209046,178977.3286537939
379,524941.3396006284,181021.6158888823
380,528443.3901239617,180280.14443071588
381,529440.819692977,181714.8640652821
382,528659.6345868587,180562.46510333772
383,529775.6375862367,181008.23302680533
384,525575.5053899026,179053.15245659894
386,529850.9634048414,181057.44945733168
387,530512.393778209,178868.00142423558
388,530440.9684537797,180758.09115567093
389,528080.939038528,180634.53270223597
390,534076.9763424646,182085.0275347717
391,529010.1157970992,180717.11941048678
392,526449.0285504756,179402.82985402626
393,531679.2051207225,181528.01599416428
394,526616.9963664277,182233.01525724167
395,527841.5965520741,178662.4056040034
396,527513.9382591957,181505.90663125442
397,526405.4495137252,180965.24176260363
398,524980.7868029713,179688.10462995153
399,533880.4035489245,182173.54126163805
400,528174.3347804084,181479.45863850898
401,533605.9820639188,182786.03438272636
402,526940.4969588806,182025.88498840644
403,527889.0918214975,181382.1392752314
404,526115.7431092388,179685.3077334721
405,526257.4316685004,178814.66683228774
406,527726.2707688453,180858.0595270057
408,527016.540916335,181699.63924975728
409,532011.0162045131,178845.034211073
410,527080.9915533082,181704.0326499287
411,532020.565143823,178870.54213183885
412,531310.9821243631,178265.96371157846
419,528617.9682178437,177943.00587979838
420,531598.9684934703,180046.94532903185
421,531636.0252804882,180048.0160238631
423,528251.1780670893,178906.2820782304
424,528592.203212651,178462.0062674479
425,529167.0204391098,183248.95496259502
426,529921.9896610257,178783.0028967691
427,532428.8177802693,181173.26767342462
428,526804.9864259202,179465.99556760537
430,526787.579812078,178253.01987240405
431,530339.8911057606,183400.77016307402
432,526859.0067154494,179137.97458905616
433,530779.116817606,182309.30404959328
435,531623.1861124557,178357.1570598079
436,530778.4190215564,181605.56920414703
437,530562.3935138718,178248.808074329
439,530586.3606277882,183332.10131928365
440,531116.0220241508,177709.0019984265
441,530978.0564070282,179097.63056244026
442,524222.849824789,180535.4407725493
443,534804.8549481255,181378.73846124916
444,535005.0227707741,182544.0470580656
445,534333.0184794817,182325.9256577331
446,534955.0305203011,182905.0502324613
447,538416.45022494,179041.49823791854
448,537307.607183014,180441.31043413142
449,534919.985125571,180917.9753837693
450,535181.8345110565,181468.76459082984
451,534496.578344183,180198.00788228505
452,534007.1565920328,180293.91384028643
453,535066.0125427509,180627.96124324406
454,537458.9935076325,178380.99211245088
455,537936.4892823058,179149.64403989643
456,528771.9845107857,183761.02825340937
457,528709.9636627907,184212.01398651156
458,534911.9797708447,180212.3541681709
459,536497.9785165169,183641.02240532456
460,536849.032024005,181537.9864729253
461,536180.9915330646,181498.2267906351
462,529164.977400237,184164.0372359634
463,533829.0268045694,183525.13200726476
464,535261.9706649308,181270.03453548974
465,533090.9159800163,183595.2014968652
466,533520.6242216146,183482.29400567192
467,536728.6751417083,182351.7843012903
468,537279.992225066,182146.98042048485
469,537457.9707515703,181283.00351391913
470,537058.9655808969,183139.3340502631
471,536866.0260241367,183439.93671056168
472,536914.8935483593,183014.9281805255
473,537588.1522821812,179325.7157167158
474,538130.3569464318,179561.64819200244
475,537523.7494746693,179647.1393527693
476,538313.9713206606,178561.85933352582
477,537647.6971392923,178765.68168383808
478,535615.7442785681,182138.44672757824
479,534813.8733577097,182702.77591567906
480,536175.6069929437,181149.8807816106
481,538334.0824792859,178343.51144511846
482,537240.5471505965,180841.56476426555
483,535564.0038257329,181179.04258337233
484,537912.6588856507,182972.48367053206
485,535494.8928825068,183163.24248933635
486,534017.9660165524,182514.01378233422
487,537105.854005635,181056.93406951672
488,534826.5931308008,180454.57223700004
489,534432.930156401,181126.07132936397
490,534382.7400975589,180629.323895115
491,535981.0236116514,182216.98347592267
492,536373.985898309,182469.00052064424
494,537786.0552351312,179979.07745974162
495,537536.969407586,182888.95975637704
496,537762.923633024,182555.77907552547
497,536854.0648879425,182688.67600887333
498,537082.995784771,182753.05063478148
499,537380.4892116244,181893.85664150887
500,534993.3148608059,181890.07038495777
501,535044.001480602,182197.9970367342
502,537336.311835868,180042.02354871033
503,535290.9782359721,182018.95109571028
504,538270.8256536031,179379.51125494356
505,537000.8642862601,182009.68914248043
506,533604.0122832516,181593.9528951745
507,534734.0005195021,182872.0293145973
508,533697.2867943319,181806.39140923333
509,532616.3705829416,181608.91878792265
510,537087.7034797923,180777.3469085804
511,535169.9198399702,180922.16859911056
512,534562.4406833816,183245.72491027223
513,535015.0142572514,181269.36489247793
514,528080.0863376223,181310.2814983647
515,524252.9754155725,179422.02091099625
516,537884.0051962135,181009.99351008004
517,536526.408067721,183345.10661002283
518,536235.0056187136,182859.9899012929
519,538053.6304555181,181861.58064915397
520,535565.405685508,182599.14490398468
521,536224.6494687235,183517.72564944823
522,536342.673800112,182608.8210466209
523,537937.8759602443,181488.86284954083
524,526417.5776141527,180762.3588600086
525,537913.6363246114,180289.01187770884
526,538325.4108283359,180125.37367861572
527,523931.13150342397,179827.42561607633
528,528777.9662741821,180340.01846341288
529,527089.027981629,178023.75336650654
530,538031.4752103635,180757.59897394903
531,535863.0026114392,183083.9401407187
532,537516.3026597339,180150.93911532557
533,533996.5324545625,182800.21766659763
534,534243.0249571457,183212.01059694297
535,528601.3395846196,183676.36251539504
536,533967.7448416897,183425.74416469282
537,534152.022462358,181659.02468285797
538,538407.5298885278,180777.28536072338
539,533561.004430164,183108.0084220526
540,528813.2672637923,182675.0236811904
541,528986.9849074904,180265.97879732418
542,536529.8529603835,181297.82124982547
543,524688.6110717778,180490.09635305934
544,531750.6243408003,182511.22876162484
545,528726.3062260264,183969.73596812127
546,531374.8426522557,181530.59768684517
547,538733.2151682664,180841.02853408287
548,531434.7204770255,179413.20018156158
549,531699.6489194988,179160.1110348585
550,536130.4848777856,182116.04731517326
551,537760.0616242054,180402.58531364554
552,534952.783861997,180969.36774092872
553,534473.7811006792,183642.54105154314
554,538486.0499216659,181287.65958036663
555,523644.9813415371,180446.02110993362
556,537412.9917446134,180046.9890718076
557,532037.1458076774,181389.972244145
558,530084.0003227999,178887.96025988937
559,524619.016582626,179575.96504609776
560,524595.98145512,180714.03970739606
561,535855.0707978236,181753.12892191752
562,530308.8684689759,181506.70974586438
563,538286.8313252495,179695.1022027693
564,530727.9858613423,180681.00634333928
565,534456.0659288095,182109.4017752536
566,523340.99458892236,180409.0380489286
568,525898.4836350756,181250.86851138424
569,533066.292767833,183210.641629908
570,537683.7743759125,180101.2774135457
571,523748.97244460735,180096.04647651437
572,528972.6885655955,183880.51383857994
573,526383.9936661639,177860.9779986716
574,532357.47834646,183351.24744895828
576,537346.0105035056,179449.0363715769
577,535534.1228039453,182913.01493693911
578,534873.0156751125,182754.9789505438
579,532429.0122335458,180870.03877858695
580,531809.0194278556,178147.98291677196
581,528595.0268154974,181652.99454678618
583,530183.0250748332,179295.9842094367
584,525631.87353354285,180830.33717465325
586,537936.0174500274,178723.97253846558
587,532994.4182372505,180706.08903962834
588,533274.1471053604,182933.4416890407
589,526505.9740245908,178043.04734187678
590,527126.0045124618,183106.3204361861
591,523340.86752365157,180067.99172476842
592,526117.9130377882,181360.9059698268
593,530548.1934103613,183026.88812238217
594,530705.9844525598,181117.9812964711
595,523679.10115234955,178649.05555749772
596,525128.0162842515,176408.99827076768
597,524568.0791271939,176468.0343768549
598,523096.98175581853,178772.01782548195
599,523437.97670867585,177806.00297279574
600,530320.9805169922,177533.01040025597
601,523209.01513933565,181029.95196271111
602,529697.9684809245,176542.98705011857
603,530897.979132405,177112.95461769257
604,529194.9826292463,183852.003481453
605,527503.6605918983,181755.01410304906
606,524267.8292106485,179879.81863458193
607,524409.9648021588,175945.98089864
608,523918.02551502717,178412.96925894346
609,528066.0163347335,175626.04887014313
610,527025.0109682317,177541.01008164737
611,524431.9709778551,180135.97369957413
612,529163.9638948063,176114.0184661324
613,523820.0052156068,179850.97789127135
614,528938.9665394381,177099.99206522456
615,523997.9707674195,176833.9892405832
616,524398.0335461313,177303.96764143958
617,524572.9919146906,176201.9954831882
618,525571.9976891533,176803.040325784
619,525318.0037195977,176519.04638241557
620,527386.9805228309,176727.97382496053
621,526019.0198901126,175100.9505209807
622,524633.9924517358,180253.97424591816
623,526476.9823736171,175231.03252286912
624,529827.9787408315,176537.95623811893
625,528602.9737164644,177029.95472172473
626,524747.0067427155,177687.0491871789
627,528024.9898633884,176033.05688320776
628,526212.9864513756,175991.03337702499
629,525830.0014598289,174995.01903059863
630,530189.0018982402,176304.04145521286
631,529137.9771084267,177253.03415928566
632,527685.9695441711,176219.04717334727
633,524415.9701267517,178257.99594493036
634,523956.96774254343,178775.99214295787
635,524075.02459323104,177856.99485655525
636,525580.0038511744,175779.98596125888
637,526911.9724979032,174789.97937090514
638,527226.0101370286,175773.00925672986
639,524941.9752119906,177601.03622989444
640,528720.0167772924,176504.0273102658
641,530769.9878422737,179380.03705187794
642,526894.9826372643,176046.04397453117
643,524656.0265470187,181541.0355381159
644,523427.0166499987,177581.97347386123
645,531954.0272033003,179798.98594173847
646,529384.9673138941,179414.0417219097
647,523822.00323913444,179440.9946575063
648,525381.9869685993,175994.97691023734
649,526457.9742766134,177441.98401874304
650,524030.0248229802,181284.03636549594
651,526211.9697037678,177334.95189067384
652,523745.0121624302,180678.0066047588
653,527152.9758179681,176239.9766172759
654,530802.9691861855,177648.97747204138
655,523742.0057766079,177502.0550514321
656,525184.9769337232,175921.02888270986
657,523526.96602223633,179359.04509736696
658,527546.0247510857,176966.9664845497
659,526899.0253429479,175513.03831008723
660,524644.9796610528,178406.02929607342
661,524812.9711295663,181242.0064894677
662,527306.9889673042,177817.00523041468
663,524197.97057811654,180882.9999586325
664,528202.9833566563,176659.0005944005
665,525719.987807326,175118.03822671075
666,524483.0159546828,178984.00984266738
667,523487.0235404918,179571.04611528886
668,522501.9924604139,178727.05287561944
669,530432.9645472977,176912.9573456142
670,528444.9680705757,175865.04245159024
671,524970.0675621929,176657.92520318157
672,526964.9677319033,175549.95575402846
673,526496.0246182468,175592.02701461577
674,530754.001006085,183522.02568365214
675,526380.0157670284,175401.9864491314
676,530177.030380165,177098.0205180989
677,528836.974133956,176039.9683939711
678,524344.9695100274,175221.02530354023
679,527176.967007676,176650.95028894726
680,527160.0193432658,177001.0364875006
681,524087.98446264816,176408.01563284046
682,523224.013560375,178063.96889153938
683,527651.9950350419,175608.9743801654
684,525496.0109066883,174408.05608534813
685,525234.0230846767,175059.9966114465
686,523512.0317146509,178074.95941102644
687,524249.9969070776,179145.99647206796
688,525098.9731818779,175088.05527179758
689,526477.9964292209,174929.95576009614
690,528444.0040482515,176230.99801721593
691,525388.0131963524,177155.0173781509
692,536784.9691199195,184421.05099698185
693,524049.99138442776,175489.00063821173
694,523998.00953038596,175034.97739885421
695,531682.9698877967,183647.96202041232
696,523823.9936441944,177986.96219762583
697,530992.0032265625,183630.98024074477
698,533924.0264327985,184007.03282169177
699,533938.019947041,183736.99038105464
700,526883.00262599,176914.00544152444
701,526760.9994320334,176455.97156656312
702,534286.0191208916,182859.05226708885
703,531565.03122622,181272.01276751846
704,524962.0042309705,174625.03320941457
705,524304.9946866129,174930.96960358764
706,533108.9917593518,179876.05372865795
707,524018.0035120243,178318.04427766654
708,524021.98550955375,175135.0365249309
709,524058.9823003366,175313.96959605056
710,527653.9704852409,176646.98049233662
711,523951.96646002645,177553.00905345322
712,536441.9784560766,181787.99689077446
713,528860.9941979164,184089.9921810343
714,529471.0102036695,176551.00642806938
715,535468.0152537592,181437.9941621633
716,537237.9985735031,181463.01198107674
717,533545.9767796835,183718.98570945056
718,534629.9846640732,183651.02020041004
719,535053.0153848612,183741.04144110356
720,524707.0025770466,178003.96956568403
721,536988.9771329307,183749.94894767826
722,534778.0281957285,182416.05497373425
723,525796.0337210847,175913.9494992905
724,526209.0097918486,174785.97253791464
725,529353.9776462293,177016.05265979888
726,528516.0238050986,176742.0060328829
727,524697.0171619083,176718.9915838922
728,524708.9848888972,175194.98906056985
729,524507.0193201301,177074.9677882006
730,523038.98840138805,178502.00956826244
731,525850.0315315659,176922.96046234883
732,532844.9990469877,180330.95528927125
733,528437.0208847399,180119.9704651466
734,526850.0112211959,175282.03942655004
735,527008.0174627254,175573.95167848608
736,523903.03233934456,180136.9633612362
737,525501.9943799584,177210.01365156088
738,525989.9980580644,176688.96963663452
739,526110.9781524778,177429.03199103137
740,523995.98217974254,180622.033741238
741,523650.9716784432,180841.9562484058
742,524403.0319113748,181096.98259803466
743,524269.9773958457,175049.9527292641
744,527052.032420621,175860.0190568776
745,526318.0300065115,177034.03314448823
746,526549.9657001514,177196.02233728755
747,527726.0103930982,178158.99232298497
748,533313.9875127472,183790.00640471565
749,533648.9743296155,184027.04861356044
750,528045.0037126185,176290.04587680462
751,530482.025409496,181363.04386811645
752,524736.0305709001,174769.04074687284
753,522692.00731461874,178555.0486558794
754,523978.9753093687,180841.04505202797
755,526816.9910930726,177820.0115011558
756,527941.984281933,176739.00334199698
757,525945.9625598264,178114.05226936127
758,524920.0258231281,181416.99697427318
759,527352.9755040819,182222.03563190077
760,527480.9981183382,182304.02876892005
761,524260.9742357129,177544.968657004
762,529915.9957104813,179631.99582857144
763,536597.9661834914,182020.98541949206
764,527344.0066450407,175304.05149786995
765,524653.0249739953,175816.95584242884
766,525698.9725045854,174721.95008823555
767,525100.0189323312,174655.01532694465
768,527970.0301014098,175203.02187484317
769,525680.034025945,176510.94884943333
770,524429.9775558785,178418.0121735892
771,523901.9997257873,180430.02527001785
772,530472.9908761997,176509.05052399548
773,531435.0315042797,180916.00994070346
774,524798.0284561864,176102.02329297474
775,523391.0160473238,179020.04254796094
776,527437.4730332844,175077.1679994124
777,527553.2911244695,175256.99195372878
779,533520.995726055,181255.0385798475
780,526277.0099303678,176643.0062294033
781,526986.8045285222,179107.33725766692
782,525248.628511211,177646.40829689655
783,537297.4285901032,184233.79556928115
784,538090.2168456301,184924.4526126781
785,538066.5668598427,184324.54179517046
786,537680.0697024086,185252.05968040746
787,537759.014003426,184968.7575696308
788,537429.7775017314,184740.82515054062
789,537977.7274316406,184074.85244930902
790,538459.3047285093,184430.16440038063
792,531648.3923010114,180206.01666123042
793,530540.9691660372,182716.57304129825
794,530345.7366847333,176734.6840308145
795,529482.6099519999,182602.79888659518
796,530077.9447336061,182228.54142731125
797,529933.2154506164,182814.60318075086
798,530345.4311142297,182925.3143835484
799,529376.1949854986,179283.8488511917
800,528629.0267520396,177420.40710698994
801,532100.7883448107,180191.380017107
802,530779.0564174051,176970.91277824203
803,532078.8068627134,180211.50655079068
804,530139.8760781994,183417.22810409573
805,524544.028691578,181652.45383325935
806,530151.4063961005,183703.83912080392
807,524364.039786733,181773.89329816564
808,530489.3757795517,176618.07583510363
809,530664.4899813512,181384.3127115621
810,532042.6688079108,180356.89830874122
811,536975.1831496545,180373.69530291943
812,537204.3706237854,185168.1776259808
813,530434.3761989267,178210.24921290512
814,530417.7927312737,176387.79175562703
815,530824.8806857152,179586.9772263266
816,537350.2718889482,184927.52195195196
817,529379.9227785756,177463.14749716804
818,533451.5661339322,179993.4207688645
819,530931.3780525234,180270.84463795595
820,532486.9071732245,178797.20815722062
821,528713.971528964,177687.94484862685
823,531082.4784576632,183171.95753156062
826,529007.6232098632,179181.56998274924
827,531241.5835926642,177317.87481542985
828,531180.9942649379,176679.03137552342
829,531186.9807427446,176160.97115887172
830,530746.9684047365,176147.98041782324
831,531161.2931758696,175828.14921471424
832,530986.8961558422,175577.40463345964
833,531026.0040896629,175157.00834155694
834,528719.6995609088,177071.51822600653
835,531587.5395167716,181464.54978315736
836,530095.0290205574,184187.0054506829
838,532523.5766288167,181634.42865819082
839,531482.558361447,180487.93038467533
