id,city,stn_id,name,longitude,latitude
1,ny,ny116,W 17 St & 8 Ave,-74.00149746,40.74177603
2,ny,ny119,Park Ave & St Edwards St,-73.97803415,40.69608941
3,ny,ny120,Lexington Ave & Classon Ave,-73.95928168,40.68676793
4,ny,ny127,Barrow St & Hudson St,-74.00674436,40.73172428
5,ny,ny128,MacDougal St & Prince St,-74.00297088,40.72710258
6,ny,ny143,Clinton St & Joralemon St,-73.99337909,40.69239502
7,ny,ny144,Nassau St & Navy St,-73.98068914,40.69839895
8,ny,ny146,Hudson St & Reade St,-74.0091059,40.71625008
9,ny,ny150,E 2 St & Avenue C,-73.98085795,40.7208736
10,ny,ny151,Cleveland Pl & Spring St,-73.997249007225,40.722103786686
11,ny,ny157,Henry St & Atlantic Ave,-73.99612349,40.69089272
12,ny,ny161,LaGuardia Pl & W 3 St,-73.99810231,40.72917025
13,ny,ny164,E 47 St & 2 Ave,-73.97032517,40.75323098
14,ny,ny167,E 39 St & 3 Ave,-73.97604882,40.7489006
15,ny,ny168,W 18 St & 6 Ave,-73.99456405,40.73971301
16,ny,ny173,Broadway & W 49 St,-73.9845272898674,40.7606832709659
17,ny,ny174,E 25 St & 1 Ave,-73.97738662,40.7381765
18,ny,ny195,Liberty St & Broadway,-74.01043382,40.70905623
19,ny,ny2000,Front St & Washington St,-73.98940236,40.70255088
20,ny,ny2002,Wythe Ave & Metropolitan Ave,-73.963198,40.716887
21,ny,ny2003,1 Ave & E 18 St,-73.9805442094803,40.7338121919663
22,ny,ny2005,Railroad Ave & Kay Ave,-73.97100056,40.70531194
23,ny,ny2006,Central Park S & 6 Ave,-73.97634151,40.76590936
24,ny,ny2008,Little West St & 1 Pl,-74.01677685,40.70569254
25,ny,ny2009,Catherine St & Monroe St,-73.99682619,40.71117444
26,ny,ny2010,Grand St & Greene St,-74.002381414175,40.7217000523561
27,ny,ny2012,E 27 St & 1 Ave,-73.976806,40.739445
28,ny,ny2017,E 43 St & 2 Ave,-73.97121414,40.75022392
29,ny,ny2021,W 45 St & 8 Ave,-73.98859651,40.75929124
30,ny,ny2022,E 60 St & York Ave,-73.959223,40.759107
31,ny,ny212,W 16 St & The High Line,-74.00681753,40.74334935
32,ny,ny216,Columbia Heights & Cranberry St,-73.99548059,40.70037867
33,ny,ny217,Old Fulton St,-73.99383605,40.70277159
34,ny,ny223,W 13 St & 7 Ave,-73.99994661,40.73781509
35,ny,ny224,Spruce St & Nassau St,-74.00552427,40.71146364
36,ny,ny228,E 48 St & 3 Ave,-73.971878855,40.7546011026
37,ny,ny229,Great Jones St,-73.99379025,40.72743423
38,ny,ny236,St Marks Pl & 2 Ave,-73.98713956,40.7284186
39,ny,ny237,E 11 St & 2 Ave,-73.98672378,40.73047309
40,ny,ny238,Bank St & Washington St,-74.00859207,40.7361967
41,ny,ny239,Willoughby St & Fleet St,-73.9813018,40.69196566
42,ny,ny241,DeKalb Ave & S Portland Ave,-73.97493121,40.68981035
43,ny,ny242,Carlton Ave & Flushing Ave,-73.973736,40.697787
44,ny,ny244,Willoughby Ave & Hall St,-73.96536851,40.69196035
45,ny,ny245,Myrtle Ave & St Edwards St,-73.97703874,40.69327018
46,ny,ny247,Perry St & Bleecker St,-74.00483091,40.73535398
47,ny,ny248,Laight St & Hudson St,-74.00771779,40.72185379
48,ny,ny249,Harrison St & Hudson St,-74.0090009,40.71870987
49,ny,ny250,Lafayette St & Jersey St,-73.99565293,40.72456089
50,ny,ny251,Mott St & Prince St,-73.99480012,40.72317958
51,ny,ny252,MacDougal St & Washington Sq,-73.99852205,40.73226398
52,ny,ny254,W 11 St & 6 Ave,-73.99800419,40.73532427
53,ny,ny257,Lispenard St & Broadway,-74.00247214,40.71939226
54,ny,ny258,DeKalb Ave & Vanderbilt Ave,-73.96885458,40.68940747
55,ny,ny259,South St & Whitehall St,-74.01234218,40.70122128
56,ny,ny260,Broad St & Bridge St,-74.01167797,40.70365182
57,ny,ny261,Johnson St & Gold St,-73.98362464,40.69474881
58,ny,ny262,Washington Park,-73.9737299,40.6917823
59,ny,ny264,Maiden Ln & Pearl St,-74.00731853,40.70706456
60,ny,ny265,Stanton St & Chrystie St,-73.99147535,40.72229346
61,ny,ny267,Broadway & W 36 St,-73.98765428,40.75097711
62,ny,ny268,Howard St & Centre St,-73.99973337,40.71910537
63,ny,ny270,Adelphi St & Myrtle Ave,-73.97178913,40.69308257
64,ny,ny274,Lafayette Ave & Fort Greene Pl,-73.976682,40.68691865
65,ny,ny275,Washington Ave & Greene Ave,-73.96563307,40.68650065
66,ny,ny276,Duane St & Greenwich St,-74.0104554,40.71748752
67,ny,ny278,Concord St & Bridge St,-73.98476437,40.69766564
68,ny,ny280,E 10 St & 5 Ave,-73.99510132,40.73331967
69,ny,ny281,Grand Army Plaza & Central Park S,-73.97371465,40.7643971
70,ny,ny282,Kent Ave & S 11 St,-73.9684152603149,40.7076449441757
71,ny,ny284,Greenwich Ave & 8 Ave,-74.0026376103,40.7390169121
72,ny,ny285,Broadway & E 14 St,-73.99074142,40.73454567
73,ny,ny289,Monroe St & Classon Ave,-73.95881081,40.6845683
74,ny,ny291,Madison St & Montgomery St,-73.984844,40.713126
75,ny,ny293,Lafayette St & E 8 St,-73.9910262823105,40.7302066052995
76,ny,ny295,Pike St & E Broadway,-73.99293911,40.71406667
77,ny,ny297,E 15 St & 3 Ave,-73.986923,40.734232
78,ny,ny298,3 Ave & Schermerhorn St,-73.9796772,40.68683208
79,ny,ny301,E 2 St & Avenue B,-73.98368779,40.72217444
80,ny,ny3016,Kent Ave & N 7 St,-73.9616507291794,40.7203677529846
81,ny,ny302,Avenue D & E 3 St,-73.97793172,40.72082834
82,ny,ny303,Mercer St & Spring St,-73.99949601,40.72362738
83,ny,ny304,Broadway & Battery Pl,-74.01361706,40.70463334
84,ny,ny3041,Kingston Ave & Herkimer St,-73.94142771,40.67890679
85,ny,ny3042,Fulton St & Utica Ave,-73.9298911,40.6794268
86,ny,ny3043,Lewis Ave & Decatur St,-73.934903,40.6814598
87,ny,ny3044,Albany Ave & Fulton St,-73.938475,40.6800105
88,ny,ny3046,Marcus Garvey Blvd & Macon St,-73.938037,40.682601
89,ny,ny3047,Halsey St & Tompkins Ave,-73.944118,40.6823687
90,ny,ny3048,Putnam Ave & Nostrand Ave,-73.94977,40.68402
91,ny,ny3049,Cambridge Pl & Gates Ave,-73.96304,40.68488
92,ny,ny305,E 58 St & 3 Ave,-73.96724467,40.76095756
93,ny,ny3050,Putnam Ave & Throop Ave,-73.94111,40.6851532
94,ny,ny3052,Lewis Ave & Madison St,-73.935775,40.686312
95,ny,ny3053,Marcy Ave & Lafayette Ave,-73.947915,40.6900815
96,ny,ny3054,Greene Ave & Throop Ave,-73.942061,40.6894932
97,ny,ny3055,Greene Ave & Nostrand Ave,-73.950916,40.6883337
98,ny,ny3056,Kosciuszko St & Nostrand Ave,-73.95133465,40.69072549
99,ny,ny3057,Kosciuszko St & Tompkins Ave,-73.9452416,40.69128258
100,ny,ny3058,Lewis Ave & Kosciuszko St,-73.93705428,40.69237074
101,ny,ny3059,Pulaski St & Marcus Garvey Blvd,-73.939877,40.6933982
102,ny,ny3060,Willoughby Ave & Tompkins Ave,-73.94626915,40.69425403
103,ny,ny3061,Throop Ave & Myrtle Ave,-73.94371094,40.69622937
104,ny,ny3062,Myrtle Ave & Marcy Ave,-73.94954908,40.69539817
105,ny,ny3063,Nostrand Ave & Myrtle Ave,-73.95238108,40.69527008
106,ny,ny3064,Myrtle Ave & Lewis Ave,-73.93756926,40.69681963
107,ny,ny3065,Union Ave & Wallabout St,-73.95032283,40.70029511
108,ny,ny3066,Tompkins Ave & Hopkins St,-73.94708417,40.69957608
109,ny,ny3067,Broadway & Whipple St,-73.9437303,40.7016657
110,ny,ny3068,Humboldt St & Varet St,-73.940636,40.7031724
111,ny,ny3069,Lorimer St & Broadway,-73.94818595,40.70411791
112,ny,ny307,Canal St & Rutgers St,-73.98990025,40.71427487
113,ny,ny3070,McKibbin St & Manhattan Ave,-73.94407279,40.70510918
114,ny,ny3071,Boerum St & Broadway,-73.94976519,40.70538077
115,ny,ny3072,Leonard St & Boerum St,-73.94644578,40.70583339
116,ny,ny3074,Montrose Ave & Bushwick Ave,-73.94016171,40.70767788
117,ny,ny3075,Division Ave & Marcy Ave,-73.95796783,40.70708701
118,ny,ny3076,Scholes St & Manhattan Ave,-73.9448625,40.70870368
119,ny,ny3077,Stagg St & Union Ave,-73.95095259,40.70877084
120,ny,ny3078,Broadway & Roebling St,-73.9606314897537,40.7092482627616
121,ny,ny308,St James Pl & Oliver St,-73.99851193,40.71307916
122,ny,ny3080,S 4 St & Rodney St,-73.95608,40.70934
123,ny,ny3081,Graham Ave & Grand St,-73.944024,40.711863
124,ny,ny3082,Hope St & Union Ave,-73.95141312,40.71167351
125,ny,ny3083,Bushwick Ave & Powers St,-73.94100005,40.71247661
126,ny,ny3085,Roebling St & N 4 St,-73.95739,40.71469
127,ny,ny3086,Graham Ave & Conselyea St,-73.944507,40.715143
128,ny,ny3087,Metropolitan Ave & Meeker Ave,-73.95234386,40.71413311
129,ny,ny3088,Union Ave & Jackson St,-73.952029,40.7160751
130,ny,ny309,Murray St & West St,-74.013012,40.7149787
131,ny,ny3092,Berry St & N 8 St,-73.95852515,40.7190095
132,ny,ny3093,N 6 St & Bedford Ave,-73.95850939,40.71745169
133,ny,ny3094,Graham Ave & Withers St,-73.94485918,40.7169811
134,ny,ny3095,Graham Ave & Herbert St,-73.94500379,40.71929301
135,ny,ny3096,Union Ave & N 12 St,-73.95242,40.71924
136,ny,ny310,State St & Smith St,-73.98912867,40.68926942
137,ny,ny3100,Nassau Ave & Newell St,-73.947526216507,40.7248125644002
138,ny,ny3101,N 12 St & Bedford Ave,-73.95484712,40.72079821
139,ny,ny3102,Driggs Ave & Lorimer St,-73.9504154,40.72179134
140,ny,ny3105,N 15 St & Wythe Ave,-73.955736,40.724055
141,ny,ny3106,Driggs Ave & N Henry St,-73.94308,40.72325
142,ny,ny3107,Bedford Ave & Nassau Ave,-73.95212324,40.72311651
143,ny,ny3108,Nassau Ave & Russell St,-73.94434,40.72557
144,ny,ny3109,Banker St & Meserole Ave,-73.95621,40.72606
145,ny,ny311,Norfolk St & Broome St,-73.98802084,40.7172274
146,ny,ny3110,Meserole Ave & Manhattan Ave,-73.95299117,40.72708584
147,ny,ny3112,Milton St & Franklin St,-73.95779,40.72906
148,ny,ny3113,Greenpoint Ave & Manhattan Ave,-73.95394,40.73026
149,ny,ny3115,India St & Manhattan Ave,-73.9550858,40.73232194
150,ny,ny3116,Huron St & Franklin St,-73.95826,40.73266
151,ny,ny3117,Franklin St & Dupont St,-73.95866,40.73564
152,ny,ny3118,McGuinness Blvd & Eagle St,-73.95284,40.73555
153,ny,ny3119,Vernon Blvd & 50 Ave,-73.95411749,40.74232744
154,ny,ny312,Allen St & Stanton St,-73.989111,40.722055
155,ny,ny3121,Jackson Ave & 46 Rd,-73.94733276,40.74524768
156,ny,ny3122,48 Ave & 5 St,-73.9558732509613,40.7443632870669
157,ny,ny3123,31 St & Thomson Ave,-73.93540375,40.74469738
158,ny,ny3124,46 Ave & 5 St,-73.95451,40.74731
159,ny,ny3125,45 Rd & 11 St,-73.94977234,40.74708586
160,ny,ny3126,44 Dr & Jackson Ave,-73.9432635,40.74718234
161,ny,ny3127,9 St & 44 Rd,-73.9521,40.74966
162,ny,ny3128,21 St & 43 Ave,-73.94594845,40.75052534
163,ny,ny3129,Queens Plaza North & Crescent St,-73.94073717,40.75110165
164,ny,ny313,Washington Ave & Park Ave,-73.96751037,40.69610226
165,ny,ny3130,21 St & Queens Plaza North,-73.94335788,40.75325964
166,ny,ny3131,E 68 St & 3 Ave,-73.9622461795807,40.7671284034954
167,ny,ny3132,E 59 St & Madison Ave,-73.97109243,40.76350532
168,ny,ny3134,3 Ave & E 62 St,-73.96526895,40.76312584
169,ny,ny3135,E 75 St & 3 Ave,-73.95772297,40.77112927
170,ny,ny3136,5 Ave & E 63 St,-73.971518,40.766368
171,ny,ny3137,5 Ave & E 73 St,-73.96685276,40.77282817
172,ny,ny3139,E 72 St & Park Ave,-73.9640942215919,40.7711828754066
173,ny,ny3140,1 Ave & E 78 St,-73.9535166,40.77140426
174,ny,ny3141,1 Ave & E 68 St,-73.95818491,40.76500525
175,ny,ny3142,1 Ave & E 62 St,-73.96094022,40.7612274
176,ny,ny3143,5 Ave & E 78 St,-73.9642739295959,40.7763214218227
177,ny,ny3144,E 81 St & Park Ave,-73.9590097,40.77677702
178,ny,ny3145,E 84 St & Park Ave,-73.95772073,40.77862688
179,ny,ny3146,E 81 St & 3 Ave,-73.9567526,40.77573034
180,ny,ny3147,E 85 St & 3 Ave,-73.95407149,40.77801203
181,ny,ny3148,E 84 St & 1 Ave,-73.95068615,40.77565541
182,ny,ny315,South St & Gouverneur Ln,-74.00670227,40.70355377
183,ny,ny3150,E 85 St & York Ave,-73.94803392,40.77536905
184,ny,ny3151,E 81 St & York Ave,-73.94989233,40.7728384
185,ny,ny3152,3 Ave & E 71 St,-73.96119945,40.76873687
186,ny,ny3154,E 77 St & 3 Ave,-73.95856158,40.77314236
187,ny,ny3156,E 72 St & York Ave,-73.95348296,40.76663814
188,ny,ny3157,East End Ave & E 86 St,-73.94446054,40.77518615
189,ny,ny3158,W 63 St & Broadway,-73.98261428,40.77163851
190,ny,ny3159,W 67 St & Broadway,-73.98266566,40.77492513
191,ny,ny316,Fulton St & William St,-74.00653609,40.70955958
192,ny,ny3160,Central Park West & W 76 St,-73.97374737,40.77896784
193,ny,ny3161,W 76 St & Columbus Ave,-73.9772853255272,40.7801839724239
194,ny,ny3163,Central Park West & W 68 St,-73.97782542,40.7734066
195,ny,ny3164,Columbus Ave & W 72 St,-73.97898475,40.7770575
196,ny,ny3165,Central Park West & W 72 St,-73.9762057363987,40.7757937668367
197,ny,ny3166,Riverside Dr & W 72 St,-73.9856243133545,40.7805779901033
198,ny,ny3167,Amsterdam Ave & W 73 St,-73.9809304475784,40.7796680900731
199,ny,ny3168,Central Park West & W 85 St,-73.96961715,40.78472675
200,ny,ny3169,Riverside Dr & W 82 St,-73.98128127,40.78720869
201,ny,ny317,E 6 St & Avenue B,-73.98185424,40.72453734
202,ny,ny3170,W 84 St & Columbus Ave,-73.97283406,40.78499979
203,ny,ny3171,Amsterdam Ave & W 82 St,-73.97667321,40.78524672
204,ny,ny3172,W 74 St & Columbus Ave,-73.97754961,40.7785669
205,ny,ny3173,Riverside Blvd & W 67 St,-73.9888858795166,40.777507027548
206,ny,ny3175,W 70 St & Amsterdam Ave,-73.98288594,40.77748046
207,ny,ny3177,W 84 St & Broadway,-73.977112,40.7867947
208,ny,ny3178,Riverside Dr & W 78 St,-73.98362492,40.78414472
209,ny,ny3179,Park Ave & Marcus Garvey Blvd,-73.941342,40.698617
210,ny,ny3184,Paulus Hook,-74.0335519,40.7141454
211,ny,ny3185,City Hall,-74.043845,40.7177325
212,ny,ny3186,Grove St PATH,-74.0431174635887,40.7195861164717
213,ny,ny3187,Warren St,-74.03805095,40.7211236
214,ny,ny319,Fulton St & Broadway,-74.009447,40.711066
215,ny,ny3191,Union St,-74.0836394,40.7182113
216,ny,ny3192,Liberty Light Rail,-74.0557013,40.7112423
217,ny,ny3193,Lincoln Park,-74.0784059464931,40.7246050998869
218,ny,ny3194,McGinley Square,-74.0676221251488,40.7253399253558
219,ny,ny3195,Sip Ave,-74.0639126300812,40.7308970978618
220,ny,ny3196,Riverview Park,-74.0439909,40.7443187
221,ny,ny3198,Heights Elevator,-74.0404433012009,40.7487159453802
222,ny,ny3199,Newport Pkwy,-74.0321082,40.7287448
223,ny,ny320,Leonard St & Church St,-74.005549,40.717571
224,ny,ny3201,Dey St,-74.066921,40.737711
225,ny,ny3202,Newport PATH,-74.0337589,40.7272235
226,ny,ny3203,Hamilton Park,-74.044247311,40.727595966
227,ny,ny3205,JC Medical Center,-74.0496379137039,40.7165397809919
228,ny,ny3206,Hilltop,-74.0575736,40.7311689
229,ny,ny3207,Oakland Ave,-74.0524783,40.7376037
230,ny,ny3209,Brunswick St,-74.0506564,40.7241765
231,ny,ny321,Cadman Plaza E & Red Cross Pl,-73.98971773,40.69991755
232,ny,ny3210,Pershing Field,-74.051788633,40.742677141
233,ny,ny3211,Newark Ave,-74.046304543,40.72152515
234,ny,ny3212,Christ Hospital,-74.050443636,40.734785818
235,ny,ny3213,Van Vorst Park,-74.047726625,40.71848892
236,ny,ny3214,Essex Light Rail,-74.0364857,40.7127742
237,ny,ny3220,5 Corners Library,-74.0595030784607,40.7349610200095
238,ny,ny3221,47 Ave & 31 St,-73.93561,40.743
239,ny,ny3225,Baldwin at Montgomery,-74.0641943,40.7236589
240,ny,ny3226,W 82 St & Central Park West,-73.97137,40.78275
241,ny,ny323,Lawrence St & Willoughby St,-73.98631746,40.69236178
242,ny,ny3231,E 67 St & Park Ave,-73.9659208059311,40.7678008014813
243,ny,ny3232,Bond St & Fulton St,-73.9830426871777,40.6896218879033
244,ny,ny3233,E 48 St & 5 Ave,-73.978059142828,40.7572456791173
245,ny,ny3235,E 41 St & Madison Ave,-73.9799219369888,40.752165280622
246,ny,ny3236,W 42 St & Dyer Ave,-73.9937996864319,40.7589848139963
247,ny,ny324,DeKalb Ave & Hudson Ave,-73.981013,40.689888
248,ny,ny3241,Monroe St & Tompkins Ave,-73.944694,40.686203
249,ny,ny3242,Schermerhorn St & Court St,-73.991833627224,40.6910292567797
250,ny,ny3243,E 58 St & 1 Ave (NE Corner),-73.9622622728348,40.7589238637769
251,ny,ny3244,University Pl & E 8 St,-73.9949034154415,40.7314372408523
252,ny,ny3245,NYCBS DEPOT - DELANCEY,-73.9823305606842,40.7164442313448
253,ny,ny3246,Montague St & Clinton St,-73.9923003315926,40.6942811413973
254,ny,ny3249,Verona Pl & Fulton St,-73.9476791024208,40.6803560840434
255,ny,ny325,E 19 St & 3 Ave,-73.98473765,40.73624527
256,ny,ny3255,8 Ave & W 31 St,-73.9946848154068,40.7505853470215
257,ny,ny3256,Pier 40 - Hudson River Park,-74.011295735836,40.7277140777778
258,ny,ny3259,9 Ave & W 28 St,-73.9992338418961,40.7493702419328
259,ny,ny326,E 11 St & 1 Ave,-73.98426726,40.72953837
260,ny,ny3260,Mercer St & Bleecker St,-73.9966213703155,40.7270636334831
261,ny,ny3263,Cooper Square & Astor Pl,-73.990752696991,40.7295149622495
262,ny,ny3267,Morris Canal,-74.0385255217552,40.7124188237569
263,ny,ny3268,Lafayette Park,-74.0628585219383,40.7134638266919
264,ny,ny3269,Brunswick & 6th,-74.0503889322281,40.7260117296463
265,ny,ny327,Vesey Pl & River Terrace,-74.01658354,40.7153379
266,ny,ny3270,Jersey & 6th St,-74.0455716848373,40.7252891078113
267,ny,ny3272,Jersey & 3rd,-74.0459525585174,40.7233315864644
268,ny,ny3273,Manila & 1st,-74.0428841114044,40.72165072488
269,ny,ny3275,Columbus Drive,-74.0389144420624,40.7183551982321
270,ny,ny3276,Marin Light Rail,-74.042817056179,40.7145840353589
271,ny,ny3277,Communipaw & Berry Lane,-74.0666109323502,40.7143583687043
272,ny,ny3278,Monmouth and 6th,-74.0487903356552,40.725685483629
273,ny,ny3279,Dixon Mills,-74.0499678254128,40.7216301426384
274,ny,ny328,Watts St & Greenwich St,-74.00965965,40.72405549
275,ny,ny3280,Astor Place,-74.071261882782,40.719282200707
276,ny,ny3281,Leonard Gordon Park,-74.0572714805603,40.7459099663156
277,ny,ny3282,5 Ave & E 88 St,-73.95939,40.78307
278,ny,ny3283,W 89 St & Columbus Ave,-73.97041561,40.7882213
279,ny,ny3284,E 88 St & Park Ave,-73.9559590816498,40.78141070019
280,ny,ny3285,W 87 St & Amsterdam Ave,-73.9747,40.78839
281,ny,ny3286,E 89 St & 3 Ave,-73.9521667,40.7806284
282,ny,ny3287,W 87 St & West End Ave,-73.97757,40.789622
283,ny,ny3288,E 88 St & 1 Ave,-73.9488134,40.778301
284,ny,ny3289,W 90 St & Amsterdam Ave,-73.9728891849518,40.7901794809508
285,ny,ny3290,E 89 St & York Ave,-73.946041,40.7779453
286,ny,ny3292,5 Ave & E 93 St,-73.957481,40.7857851
287,ny,ny3293,W 92 St & Broadway,-73.9739,40.7921
288,ny,ny3294,E 91 St & Park Ave,-73.955327,40.7835016
289,ny,ny3295,Central Park W & W 96 St,-73.964839,40.79127
290,ny,ny3296,E 93 St & 2 Ave,-73.9489196240902,40.7824541752799
291,ny,ny3297,6 St & 7 Ave,-73.97988067,40.6686627
292,ny,ny3298,Warren St & Court St,-73.99383324,40.686371
293,ny,ny3299,E 98 St & Park Ave,-73.95206,40.78813
294,ny,ny330,Reade St & Broadway,-74.00562789,40.71450451
295,ny,ny3300,Prospect Park West & 8 St,-73.9763760566711,40.6651468153379
296,ny,ny3301,Columbus Ave & W 95 St,-73.968087,40.7919557
297,ny,ny3302,Columbus Ave & W 103 St,-73.9643412291,40.7969347
298,ny,ny3303,Butler St & Court St,-73.99440329,40.6849894
299,ny,ny3304,6 Ave & 9 St,-73.98377641,40.668127
300,ny,ny3305,E 91 St & 2 Ave,-73.9496558904648,40.7811222993417
301,ny,ny3306,10 St & 7 Ave,-73.98199886,40.6662078
302,ny,ny3307,West End Ave & W 94 St,-73.974124,40.7941654
303,ny,ny3308,Kane St & Clinton St,-73.99645295,40.6861758
304,ny,ny3309,E 97 St & 3 Ave,-73.94860294,40.7859201
305,ny,ny331,Pike St & Monroe St,-73.99193043,40.71173107
306,ny,ny3310,14 St & 7 Ave,-73.98396846,40.663779
307,ny,ny3311,Columbia St & Kane St,-74.0016256,40.68763155
308,ny,ny3312,1 Ave & E 94 St,-73.94594,40.7817212
309,ny,ny3313,6 Ave & 12 St,-73.9854617,40.6663181
310,ny,ny3314,W 95 St & Broadway,-73.971888,40.7937704
311,ny,ny3315,Henry St & Degraw St,-73.99917254,40.6847514
312,ny,ny3317,10 St & 5 Ave,-73.98700053,40.6686273
313,ny,ny3318,2 Ave & E 96 St,-73.9471673,40.7839636
314,ny,ny3319,14 St & 5 Ave,-73.98895053,40.666287
315,ny,ny332,Cherry St,-73.97948148,40.71219906
316,ny,ny3320,Central Park West & W 100 St,-73.9628684520721,40.7940666081855
317,ny,ny3321,Clinton St & Union St,-73.99785267,40.6831164
318,ny,ny3322,12 St & 4 Ave,-73.9904394,40.668603
319,ny,ny3323,W 106 St & Central Park West,-73.9605909006,40.7981856
320,ny,ny3324,3 Ave & 14 St,-73.99333264,40.6685455
321,ny,ny3325,E 95 St & 3 Ave,-73.950503,40.7849032
322,ny,ny3326,Clinton St & Centre St,-74.00194698,40.67434
323,ny,ny3327,3 Ave & E 100 St,-73.94728331,40.7877214
324,ny,ny3328,W 100 St & Manhattan Ave,-73.9645,40.795
325,ny,ny3329,Degraw St & Smith St,-73.99318208,40.6829151
326,ny,ny3330,Henry St & Bay St,-74.00494695,40.6725058
327,ny,ny3331,Riverside Dr & W 104 St,-73.9711457439,40.8013434
328,ny,ny3332,Degraw St & Hoyt St,-73.9907902479172,40.681990442707
329,ny,ny3333,Columbia St & Lorraine St,-74.0075572,40.6747055
330,ny,ny3335,Union St & 4 Ave,-73.98282002,40.6772744
331,ny,ny3336,E 97 St & Madison Ave,-73.953559,40.787801
332,ny,ny3337,Dwight St & Van Dyke St,-74.0119555592537,40.673635513415
333,ny,ny3338,2 Ave & E 99 St,-73.94552579,40.7862586
334,ny,ny3339,Berkeley Pl & 6 Ave,-73.97846879,40.6765304
335,ny,ny334,W 20 St & 7 Ave,-73.99726235,40.74238787
336,ny,ny3340,Wolcott St & Dwight St,-74.0100698,40.6753274
337,ny,ny3341,Central Park West & W 102 St,-73.96186,40.795346
338,ny,ny3342,Pioneer St & Richards St,-74.0094613,40.6777748
339,ny,ny3343,W 107 St & Columbus Ave,-73.9621128676,40.7997568
340,ny,ny3344,Pioneer St & Van Brunt St,-74.011169,40.679043
341,ny,ny3345,Madison Ave & E 99 St,-73.9524292945862,40.7894854155321
342,ny,ny3346,Berkeley Pl & 7 Ave,-73.9752320945263,40.6751468387098
343,ny,ny3347,Van Brunt St & Wolcott St,-74.01275056,40.6773429
344,ny,ny3348,Coffey St & Conover St,-74.015665,40.677236
345,ny,ny3349,Grand Army Plaza & Plaza St West,-73.97087984,40.6729679
346,ny,ny335,Washington Pl & Broadway,-73.99404649,40.72903917
347,ny,ny3350,W 100 St & Broadway,-73.97041192,40.7973721
348,ny,ny3351,E 102 St & 1 Ave,-73.94164802,40.7869946
349,ny,ny3352,Sigourney St & Columbia St,-74.0087952464819,40.6726724341095
350,ny,ny3354,3 St & Prospect Park West,-73.97363831,40.668132
351,ny,ny3355,E 66 St & Madison Ave,-73.9684528112411,40.7680088930595
352,ny,ny3356,Amsterdam Ave & W 66 St,-73.98470567,40.7746671
353,ny,ny3357,W 106 St & Amsterdam Ave,-73.9664492472,40.8008363
354,ny,ny3358,Garfield Pl & 8 Ave,-73.97484126,40.6711978
355,ny,ny3359,E 68 St & Madison Ave,-73.96703464,40.7691572
356,ny,ny336,Sullivan St & Washington Sq,-73.99906065,40.73047747
357,ny,ny3360,Amsterdam Ave & W 79 St,-73.9786517,40.7829391
358,ny,ny3361,Carroll St & 6 Ave,-73.9787282,40.6740886
359,ny,ny3362,Madison Ave & E 82 St,-73.96069399,40.7781314
360,ny,ny3363,E 102 St & Park Ave,-73.95033068,40.7904828
361,ny,ny3364,Carroll St & 5 Ave,-73.9814832,40.6751622
362,ny,ny3365,3 St & 7 Ave,-73.97839676,40.6703837
363,ny,ny3366,West End Ave & W 107 St,-73.9681805305,40.8021174
364,ny,ny3367,5 Ave & E 103 St,-73.95249933,40.7922553
365,ny,ny3368,5 Ave & 3 St,-73.98352355,40.6728155
366,ny,ny3369,E 82 St & East End Ave,-73.9468208,40.7724607
367,ny,ny3370,E 78 St & 2 Ave,-73.95577801,40.7727966
368,ny,ny3372,E 74 St & 1 Ave,-73.95482273,40.7689738
369,ny,ny3373,3 St & 3 Ave,-73.98775226,40.6750705
370,ny,ny3374,Central Park North & Adam Clayton Powell Blvd,-73.955613,40.799484
371,ny,ny3375,3 Ave & E 72 St,-73.96060712,40.7699426
372,ny,ny3376,E 65 St & 2 Ave,-73.962220698595,40.7647185194434
373,ny,ny3377,Carroll St & Bond St,-73.99037292,40.6786115
374,ny,ny3378,E 76 St & Park Ave,-73.96222088,40.773763
375,ny,ny3379,E 103 St & Lexington Ave,-73.94755757,40.7903051
376,ny,ny3381,3 St & Hoyt St,-73.99364123,40.6777287
377,ny,ny3382,Carroll St & Smith St,-73.99475825,40.680611
378,ny,ny3383,Cathedral Pkwy & Broadway,-73.96699104,40.804213
379,ny,ny3384,Smith St & 3 St,-73.99599099,40.6787242
380,ny,ny3386,1 Pl & Clinton St,-73.99905709,40.6809591
381,ny,ny3387,E 106 St & Madison Ave,-73.94945003,40.7934337
382,ny,ny3388,President St & Henry St,-73.99990419,40.6828003
383,ny,ny3389,Carroll St & Columbia St,-74.00348559,40.6830456
384,ny,ny339,Avenue D & E 12 St,-73.97422494,40.72580614
385,ny,ny3390,E 109 St & 3 Ave,-73.9432083,40.79329668
386,ny,ny3391,E 106 St & 1 Ave,-73.93956237,40.7892529
387,ny,ny3392,Commerce St & Van Brunt St,-74.00860912,40.6812117
388,ny,ny3393,Richards St & Delavan St,-74.00785041,40.6794327
389,ny,ny3394,Columbia St & W 9 St,-74.00647134,40.6769993
390,ny,ny3395,Henry St & W 9 St,-74.00324957,40.6763744
391,ny,ny3396,Clinton St & 4 Place,-74.00014502,40.6783563
392,ny,ny3397,Court St & Nelson St,-73.99869893,40.6763947
393,ny,ny3398,Smith St & 9 St,-73.99785768,40.6746957
394,ny,ny3399,7 St & 3 Ave,-73.9898300170898,40.6726029815013
395,ny,ny340,Madison St & Clinton St,-73.98776323,40.71269042
396,ny,ny3400,E 110 St & Madison Ave,-73.94782145,40.7961535
397,ny,ny3402,Court St & State St,-73.99203074,40.6902375
398,ny,ny3403,4 Ave & 9 St,-73.98876585,40.6705135
399,ny,ny3404,7 St & 5 Ave,-73.98541675,40.6704922
400,ny,ny3405,5 St & 6 Ave,-73.98208968,40.6704836
401,ny,ny3407,Union St & Nevins St,-73.9876547455788,40.6790979972168
402,ny,ny3408,Congress St & Clinton St,-73.99520919,40.6881529
403,ny,ny3409,Bergen St & Smith St,-73.99063168,40.6867443
404,ny,ny341,Stanton St & Mangin St,-73.97628939,40.71782143
405,ny,ny3410,Dean St & Hoyt St,-73.98759104,40.6864442
406,ny,ny3411,Bond St & Bergen St,-73.98620772,40.6849668
407,ny,ny3412,Pacific St & Nevins St,-73.98302136,40.6853761
408,ny,ny3414,Bergen St & Flatbush Ave,-73.9756733179092,40.6809447234773
409,ny,ny3415,Prospect Pl & 6 Ave,-73.97519523,40.6793307
410,ny,ny3416,7 Ave & Park Pl,-73.97324283,40.6776147
411,ny,ny3417,Baltic St & 5 Ave,-73.97854971,40.6795766
412,ny,ny3418,Plaza St West & Flatbush Ave,-73.97111473,40.6750207
413,ny,ny3419,Douglass St & 4 Ave,-73.98154004,40.6792788
414,ny,ny342,Columbia St & Rivington St,-73.98016555,40.71739973
415,ny,ny3420,Douglass St & 3 Ave,-73.98432695,40.6802133
416,ny,ny3421,Hoyt St & Warren St,-73.98901629,40.6843549
417,ny,ny3422,Columbia St & Degraw St,-74.00242364,40.6859296
418,ny,ny3423,West Drive & Prospect Park West,-73.9794525504112,40.6610633719006
419,ny,ny3424,E 106 St & Lexington Ave,-73.945993,40.791976
420,ny,ny3425,2 Ave & E 104 St,-73.94370784,40.7892105
421,ny,ny3429,Hanson Pl & Ashland Pl,-73.9779075980186,40.6850680730818
422,ny,ny343,Clinton Ave & Flushing Ave,-73.96986848,40.69794
423,ny,ny3430,Richardson St & N Henry St,-73.9422369003296,40.7190789117956
424,ny,ny3435,Grand St & Elizabeth St,-73.99596,40.718822
425,ny,ny3437,Riverside Dr & W 91 St,-73.9770036935806,40.7931348098666
426,ny,ny344,Monroe St & Bedford Ave,-73.95380904,40.6851443
427,ny,ny3440,Fulton St & Adams St,-73.989494740963,40.6924182925785
428,ny,ny3443,W 52 St & 6 Ave,-73.9798200130463,40.7613298312481
429,ny,ny3452,Bayard St & Leonard St,-73.9488539099693,40.7191557169604
430,ny,ny3453,Devoe St & Lorimer St,-73.9491033554077,40.7133522622288
431,ny,ny3454,Leonard St & Maujer St,-73.9470595121384,40.7103685423523
432,ny,ny3456,Jackson St & Leonard St,-73.9482128620148,40.7163803197356
433,ny,ny3457,E 58 St & Madison Ave,-73.9720952510834,40.7630259428052
434,ny,ny346,Bank St & Hudson St,-74.00618026,40.73652889
435,ny,ny3461,Murray St & Greenwich St,-74.0112233161926,40.7148515052625
436,ny,ny3463,E 16 St & Irving Pl,-73.9879739284515,40.7353670556054
437,ny,ny3467,W Broadway & Spring St,-74.0016585588455,40.7249467235942
438,ny,ny3469,India St & West St,-73.9599502086639,40.7318140172097
439,ny,ny347,Greenwich St & W Houston St,-74.008591,40.728846
440,ny,ny3472,W 15 St & 10 Ave,-74.0074735879898,40.742753828659
441,ny,ny3477,39 St & 2 Ave,-74.0106278657913,40.6553997744783
442,ny,ny3478,2 Ave & 36 St,-74.0087020397186,40.6570886666848
443,ny,ny3481,York St,-74.04105,40.71649
444,ny,ny3483,Montgomery St,-74.05099,40.71942
445,ny,ny3486,Schermerhorn St & Bond St,-73.9845165610313,40.6884174275408
446,ny,ny349,Rivington St & Ridge St,-73.98329859,40.71850211
447,ny,ny3490,E 116 St & 2 Ave,-73.937261,40.796879
448,ny,ny3491,E 118 St & 1 Ave,-73.93504,40.79747
449,ny,ny3492,E 118 St & Park Ave,-73.9419949,40.8005385
450,ny,ny3493,E 118 St & 3 Ave,-73.9389152,40.799139
451,ny,ny3494,E 115 St & Lexington Ave,-73.9423,40.797911
452,ny,ny3495,E 114 St & 1 Ave,-73.9362541,40.7945663
453,ny,ny3496,1 Ave & E 110 St,-73.9383,40.7923272
454,ny,ny3497,Pleasant Ave & E 116 St,-73.9333349,40.7949879
455,ny,ny3498,Pleasant Ave & E 120 St,-73.9311847,40.7974772
456,ny,ny3499,2 Ave & E 122 St,-73.9349,40.8006721
457,ny,ny350,Clinton St & Grand St,-73.9870295,40.71559509
458,ny,ny3500,E 115 St & Madison Ave,-73.944846,40.7989445
459,ny,ny3501,E 118 St & Madison Ave,-73.9442507,40.8014866
460,ny,ny3502,Lexington Ave & E 111 St,-73.9441232,40.7954121
461,ny,ny3503,Madison Ave & E 120 St,-73.942954,40.80295
462,ny,ny3504,E 123 St & Lexington Ave,-73.9379,40.8029263
463,ny,ny3505,Lexington Ave & E 127 St,-73.936322,40.805726
464,ny,ny3506,Lexington Ave & E 120 St,-73.9398167,40.8013066
465,ny,ny3507,Park Ave & E 124 St,-73.9396861,40.8045555
466,ny,ny3508,St Nicholas Ave & Manhattan Ave,-73.953149,40.809725
467,ny,ny3509,Lenox Ave & W 115 St,-73.9500739,40.8011939
468,ny,ny351,Front St & Maiden Ln,-74.00612572,40.70530954
469,ny,ny3510,Adam Clayton Powell Blvd & W 123 St,-73.949373,40.8078316
470,ny,ny3511,Adam Clayton Powell Blvd & W 115 St,-73.9532423,40.802535
471,ny,ny3513,21 St & Hoyt Ave S,-73.923706,40.774645
472,ny,ny3514,Astoria Park S & Shore Blvd,-73.927631,40.7767
473,ny,ny3515,24 Ave & 26 St,-73.918544,40.774591
474,ny,ny3516,31 St & Astoria Blvd,-73.9184057,40.7699176
475,ny,ny3517,31 St & Hoyt Ave N,-73.9170074,40.7711528
476,ny,ny3518,Lenox Ave & W 126 St,-73.9452087,40.808442
477,ny,ny3520,Adam Clayton Powell Blvd & W 118 St,-73.951475,40.804372
478,ny,ny3521,Lenox Ave & W 111 St,-73.9523,40.7987859
479,ny,ny3522,37 St & 24 Ave,-73.9120938,40.7701477
480,ny,ny3523,24 Ave & 29 St,-73.916142,40.7729
481,ny,ny3524,19 St & 24 Ave,-73.9225403,40.7774552
482,ny,ny3525,23 Ave & 27 St,-73.9153175,40.776165
483,ny,ny3526,31 St & 23 Ave,-73.9125551,40.7747878
484,ny,ny3527,5 Ave & E 126 St,-73.941747,40.80698
485,ny,ny3528,Steinway St & 23 Ave,-73.9077436,40.7713937
486,ny,ny3529,Lenox Ave & W 130 St,-73.9430681,40.8107922
487,ny,ny353,S Portland Ave & Hanson Pl,-73.97431458,40.68539567
488,ny,ny3530,Crescent St & Ditmars Blvd,-73.9145645,40.7787185
489,ny,ny3531,Frederick Douglass Blvd & W 129 St,-73.9492286,40.8125511
490,ny,ny3532,Ditmars Blvd & 19 St,-73.9183302,40.78145
491,ny,ny3533,St. Nicholas Ave & W 126 St,-73.9518776,40.8114323
492,ny,ny3534,Frederick Douglass Blvd & W 117 St,-73.954692,40.805159
493,ny,ny3535,Mt Morris Park W & W 120 St,-73.945925,40.804038
494,ny,ny3536,W 116 St & Broadway,-73.9641,40.8082
495,ny,ny3537,Carlton Ave & Dean St,-73.9710097,40.6809741
496,ny,ny3538,W 110 St & Amsterdam Ave,-73.96295,40.802692
497,ny,ny3539,W 116 St & Amsterdam Ave,-73.9607082,40.8067581
498,ny,ny354,Emerson Pl & Myrtle Ave,-73.96223558,40.69363137
499,ny,ny3540,Morningside Ave & W 123 St,-73.9551508,40.81
500,ny,ny3541,Amsterdam Ave & W 125 St,-73.956461,40.813358
501,ny,ny3542,Amsterdam Ave & W 119 St,-73.9596214,40.8086249
502,ny,ny3543,Morningside Dr & Amsterdam Ave,-73.9573645591736,40.81028506306
503,ny,ny3544,Underhill Ave & Pacific St,-73.9646795,40.6804836
504,ny,ny3545,Broadway & W 122 St,-73.9612547,40.8120562
505,ny,ny3546,Pacific St & Classon Ave,-73.9587903,40.6791944
506,ny,ny3547,Broadway & Moylan Pl,-73.9590255,40.8143256
507,ny,ny3549,Grand Ave & Bergen St,-73.962408,40.678045
508,ny,ny355,Bayard St & Baxter St,-73.99974372,40.71602118
509,ny,ny3551,3 Ave & E 112 St,-73.941606,40.795508
510,ny,ny3552,W 113 St & Broadway,-73.964928,40.805973
511,ny,ny3553,Frederick Douglass Blvd & W 112 St,-73.957145,40.801694
512,ny,ny3554,Vernon Blvd & 41 Rd,-73.9485678,40.7552433
513,ny,ny3555,28 St & 41 Ave,-73.93797,40.751047
514,ny,ny3557,40 Ave & 9 St,-73.945133,40.75742
515,ny,ny3558,Bergen St & Vanderbilt Ave,-73.9680438,40.6794388
516,ny,ny3559,21 St & 38 Ave,-73.9391224,40.7576314
517,ny,ny356,Bialystoker Pl & Delancey St,-73.98261206,40.71622644
518,ny,ny3561,37 Ave & 35 St,-73.9279917,40.7531106
519,ny,ny3562,Classon Ave & St Marks Ave,-73.9596082,40.6765198
520,ny,ny3563,28 St & 36 Ave,-73.932719,40.757186
521,ny,ny3564,21 St & 36 Ave,-73.9362726,40.7601853
522,ny,ny3565,36 Ave & 10 St,-73.9411265,40.7614376
523,ny,ny3566,Crescent St & 35 Ave,-73.9321455,40.7596276
524,ny,ny3567,11 St & 35 Ave,-73.9391141,40.7627442
525,ny,ny3568,34 St & 35 Ave,-73.9262231,40.7569332
526,ny,ny3569,Franklin Ave & St Marks Ave,-73.9561677,40.6758324
527,ny,ny3570,35 Ave & 37 St,-73.9236611,40.7557327
528,ny,ny3571,Bedford Ave & Bergen St,-73.952918,40.676368
529,ny,ny3572,34 Ave & 38 St,-73.921631,40.756913
530,ny,ny3573,35 St & 34 Ave,-73.9242751,40.7580583
531,ny,ny3574,Prospect Pl & Underhill Ave,-73.96579,40.6769694
532,ny,ny3575,Crescent St & 34 Ave,-73.930562,40.76108
533,ny,ny3576,Park Pl & Vanderbilt Ave,-73.969024,40.6767
534,ny,ny3577,34 Ave & 21 St,-73.9342862,40.7628138
535,ny,ny3578,Park Pl & Franklin Ave,-73.9564947,40.6741806
536,ny,ny3579,Sterling Pl & Bedford Ave,-73.954131,40.672695
537,ny,ny358,Christopher St & Greenwich St,-74.00711384,40.73291553
538,ny,ny3580,St Johns Pl & Washington Ave,-73.9631611,40.6737236
539,ny,ny3581,Underhill Ave & Lincoln Pl,-73.9671457,40.6740123
540,ny,ny3582,Lincoln Pl & Classon Ave,-73.9609,40.6721683
541,ny,ny3583,Eastern Pkwy & Washington Ave,-73.9631145,40.6716493
542,ny,ny3584,Eastern Pkwy & Franklin Ave,-73.9576801,40.6707767
543,ny,ny3585,Union St & Bedford Ave,-73.9554162,40.6691783
544,ny,ny3586,34 Ave & 13 St,-73.9364848,40.7638753
545,ny,ny3587,Carroll St & Washington Ave,-73.9618148,40.6686744
546,ny,ny3588,Vernon Blvd & 10 St,-73.9373554,40.7671863
547,ny,ny3589,Broadway & 12 St,-73.9347774,40.7668
548,ny,ny359,E 47 St & Park Ave,-73.97498696,40.75510267
549,ny,ny3590,Carroll St & Franklin Ave,-73.9588,40.6679411
550,ny,ny3591,21 St & 31 Dr,-73.930819,40.7659
551,ny,ny3592,Crescent St & Broadway,-73.9286471,40.7633589
552,ny,ny3593,31 St & Broadway,-73.925921,40.761584
553,ny,ny3595,35 St & Broadway,-73.9222427,40.760339
554,ny,ny3596,Sullivan Pl & Bedford Ave,-73.9574686,40.6642406
555,ny,ny3597,43 St & Broadway,-73.9166368,40.7577284
556,ny,ny3598,Newton Rd & 44 St,-73.9142678,40.7595701
557,ny,ny3599,Franklin Ave & Empire Blvd,-73.9605695,40.66314
558,ny,ny360,William St & Pine St,-74.00887308,40.70717936
559,ny,ny3600,31 Ave & Steinway St,-73.9170071,40.7611488
560,ny,ny3601,Sterling St & Bedford Ave,-73.9569115,40.6627059
561,ny,ny3602,31 Ave & 34 St,-73.920827,40.763154
562,ny,ny3603,31 Ave & 30 St,-73.9240312,40.7647
563,ny,ny3604,Rogers Ave & Sterling St,-73.9538746,40.6630619
564,ny,ny3605,31 Ave & Crescent St,-73.9265474,40.7658346
565,ny,ny3606,49 Ave & 21 St,-73.948852,40.74252
566,ny,ny3607,31 Ave & 14 St,-73.9322662,40.7682
567,ny,ny3608,5 St & 51 Ave,-73.9566,40.7423737
568,ny,ny3609,Vernon Blvd & 31 Ave,-73.9354504,40.7692475
569,ny,ny361,Allen St & Hester St,-73.99190759,40.71605866
570,ny,ny3610,Vernon Blvd & 30 Rd,-73.934171,40.770845
571,ny,ny3611,Vernon Blvd & 47 Rd,-73.9534573,40.7449067
572,ny,ny3612,30 Ave & 21 St,-73.9286078,40.7703743
573,ny,ny3613,Center Blvd & 48 Ave,-73.957539,40.745038
574,ny,ny3614,Crescent St & 30 Ave,-73.9249574,40.768692
575,ny,ny3615,44 Dr & 21 St,-73.9460927,40.748
576,ny,ny3616,Steinway St & 28 Ave,-73.9136695,40.7656251
577,ny,ny3617,28 Ave & 35 St,-73.9169858,40.7671
578,ny,ny3618,27 St & Hunter St,-73.941275,40.7485
579,ny,ny3619,Newtown Ave & 23 St,-73.9246145,40.7713615
580,ny,ny362,Broadway & W 37 St,-73.98753523,40.75172632
581,ny,ny3620,11 St & 43 Ave,-73.9479119,40.7519071
582,ny,ny3621,27 Ave & 9 St,-73.9309134,40.7739825
583,ny,ny3622,E 128 St & Madison Ave,-73.939182,40.80756
584,ny,ny3623,W 120 St & Claremont Ave,-73.9634,40.8109494
585,ny,ny3628,Lenox Ave & W 117 St,-73.9490782,40.8025566
586,ny,ny3629,Adam Clayton Powell Blvd & W 126 St,-73.9477649331093,40.8094953477795
587,ny,ny363,West Thames St,-74.01713445,40.70834698
588,ny,ny3630,Frederick Douglass Blvd & W 115 St,-73.9559308,40.8038654
589,ny,ny3637,Fulton St & Waverly Ave,-73.9659959077835,40.6832386546034
590,ny,ny3638,Washington St,-74.0354826,40.7242941
591,ny,ny3639,Harborside,-74.034234,40.7192517
592,ny,ny364,Lafayette Ave & Classon Ave,-73.96023854,40.68900443
593,ny,ny3640,Journal Square,-74.0625,40.73367
594,ny,ny3641,Broadway & W 25 St,-73.9891862869263,40.7428687731211
595,ny,ny3646,35 Ave & 10 St,-73.9398550987244,40.7631548191037
596,ny,ny3647,48 Ave & 30 Pl,-73.9372587203979,40.7412830935599
597,ny,ny3648,Flushing Ave & Vanderbilt Ave,-73.970775604248,40.6979503156954
598,ny,ny3649,W 129 St & Convent Ave,-73.9532473683357,40.8143944379158
599,ny,ny3654,31 St & Northern Blvd,-73.933492898941,40.7518695142187
600,ny,ny3656,E 2 St & Avenue A,-73.9858362078667,40.7230774906867
601,ny,ny3658,W 18 St & 9 Ave,-74.0036755800247,40.7435337324616
602,ny,ny366,Clinton Ave & Myrtle Ave,-73.968896,40.693261
603,ny,ny3661,Montgomery St & Franklin Ave,-73.9605563879013,40.6664393068708
604,ny,ny3664,North Moore St & Greenwich St,-74.0103006362915,40.7201952143746
605,ny,ny3668,Leonard St & Nassau Ave,-73.9498436450958,40.7239567849954
606,ny,ny367,E 53 St & Lexington Ave,-73.97069431,40.75828065
607,ny,ny3671,E 81 St & 2 Ave,-73.9542746543884,40.7747794489573
608,ny,ny3673,Dean St & Franklin Ave,-73.955637216568,40.6775920693738
609,ny,ny3674,Jay St & York St,-73.9867267012596,40.7014031725772
610,ny,ny3676,Van Brunt St & Van Dyke St,-74.0147262811661,40.6758329439129
611,ny,ny3677,Glenwood Ave,-74.0710607171059,40.7275514673001
612,ny,ny3678,Fairmount Ave,-74.0719592571259,40.7257261374256
613,ny,ny3679,Bergen Ave,-74.0714550018311,40.722103786686
614,ny,ny368,Carmine St & 6 Ave,-74.00214988,40.73038599
615,ny,ny3680,E 43 St & 5 Ave,-73.9802518486977,40.7541208107793
616,ny,ny3681,Grand St,-74.0376833081245,40.7151776773203
617,ny,ny3686,Gansevoort St & Hudson St,-74.0050703287125,40.739448201304
618,ny,ny3687,E 33 St & 1 Ave,-73.9744978398085,40.7432268143217
619,ny,ny3689,W 104 St & Amsterdam Ave,-73.9664947986603,40.799041392883
620,ny,ny369,Washington Pl & 6 Ave,-74.00026394,40.73224119
621,ny,ny3690,Park Pl & Church St,-74.0093551576138,40.7133418427591
622,ny,ny3691,28 Ave & 44 St,-73.9106512069702,40.7640893235069
623,ny,ny3693,N 11 St & Kent Ave,-73.9592193067074,40.7224818863822
624,ny,ny3694,Jackson Square,-74.0789,40.71113
625,ny,ny3697,W 64 St & Thelonious Monk Circle,-73.9891869574785,40.7751595343424
626,ny,ny3699,W 50 St & 9 Ave,-73.9891795814037,40.7636046779586
627,ny,ny3704,47 Ave & Skillman Ave,-73.941764831543,40.7437524099784
628,ny,ny3707,Lexington Ave & E 26 St,-73.983293,40.741459
629,ny,ny3708,W 13 St & 5 Ave,-73.99431,40.735445
630,ny,ny3709,W 15 St & 6 Ave,-73.996429592371,40.7380461424828
631,ny,ny3711,E 13 St & Avenue A,-73.9806796610355,40.7296672939298
632,ny,ny3712,W 35 St & Dyer Ave,-73.9974018931389,40.754691750226
633,ny,ny3714,Division Ave & Hooper St,-73.9544353965357,40.7068420310133
634,ny,ny3715,Driggs Ave & N 9 St,-73.9552013576031,40.7181696945421
635,ny,ny3716,40 Ave & Crescent St,-73.9379560947418,40.7535992020056
636,ny,ny3718,E 11 St & Avenue B,-73.9795041829348,40.7274642069239
637,ny,ny372,Franklin Ave & Myrtle Ave,-73.9580136537552,40.694546087246
638,ny,ny3721,31 St & Newtown Ave,-73.9209334552288,40.7675487799971
639,ny,ny3723,Cadman Plaza E & Johnson St,-73.9901572465897,40.695317277669
640,ny,ny3724,7 Ave & Central Park South,-73.9790689945221,40.7667405590595
641,ny,ny3725,2 Ave & E 72 St,-73.9584079384804,40.7687620293096
642,ny,ny3726,Center Blvd & 51 Ave,-73.95960688591,40.7433660802702
643,ny,ny3727,Frost St & Meeker Ave,-73.948800265789,40.7176619708399
644,ny,ny3728,Pierrepont St & Monroe Pl,-73.9934402704239,40.6953569332022
645,ny,ny373,Willoughby Ave & Walworth St,-73.95381995,40.69331716
646,ny,ny3731,W 47 St & 6 Ave,-73.98255,40.758397
647,ny,ny3733,Avenue C & E 18 St,-73.973984,40.730563
648,ny,ny3734,E 58 St &  1 Ave (NW Corner),-73.962658,40.759125
649,ny,ny3735,W 30 St & 10 Ave,-74.002353,40.752694
650,ny,ny3736,E 12 St & Ave C,-73.976831,40.727243
651,ny,ny3737,Stanton St & Norfolk St,-73.986274,40.720747
652,ny,ny3738,Delancey St & Eldridge St,-73.991479,40.719383
653,ny,ny3739,Perry St & Greenwich Ave,-74.000939,40.735918
654,ny,ny3740,W Broadway & W Houston St,-74.000472,40.726378
655,ny,ny3744,1 Ave & E 5 St,-73.986389,40.725864
656,ny,ny3745,36 Ave & 31 St,-73.9295748621225,40.7565127298495
657,ny,ny3746,6 Ave & Broome St,-74.0047303587198,40.7243083216022
658,ny,ny3749,Lexington Ave & E 36 St,-73.9788007736206,40.7475739589548
659,ny,ny3755,DeKalb Ave & Franklin Ave,-73.9574617892504,40.6906480708294
660,ny,ny3756,White St & Moore St,-73.9351,40.704508
661,ny,ny3757,Stagg St & Morgan Ave,-73.93372,40.710681
662,ny,ny3758,George St & Wilson Ave,-73.92997,40.702997
663,ny,ny3759,Irving Ave & Jefferson St,-73.92535,40.70538
664,ny,ny376,John St & William St,-74.00722156,40.70862144
665,ny,ny3760,Willoughby Ave & Wyckoff Ave,-73.92153,40.705614
666,ny,ny3761,Cedar St & Myrtle Ave,-73.926241,40.697842
667,ny,ny3762,3 Ave & Carroll St,-73.9865,40.677027
668,ny,ny3763,Wyckoff Av & Jefferson St,-73.923711,40.707165
669,ny,ny3764,Bushwick Ave & McKibbin St,-73.93936,40.705517
670,ny,ny3765,Bushwick Ave & Stagg St,-73.94008,40.709897
671,ny,ny3766,Sharon St & Olive St,-73.93856,40.715353
672,ny,ny3767,Powers St & Olive St,-73.93894,40.71323
673,ny,ny3768,Waterbury St & Stagg St,-73.93734,40.71019
674,ny,ny3769,White St & Johnson Ave,-73.93581,40.707174
675,ny,ny377,6 Ave & Canal St,-74.00566443,40.72243797
676,ny,ny3770,Central Ave & Flushing Ave,-73.9333,40.702831
677,ny,ny3771,McKibbin St & Bogart St,-73.933871,40.706237
678,ny,ny3772,Devoe St & Morgan Ave,-73.93515,40.713811
679,ny,ny3773,Knickerbocker Ave & Thames St,-73.92976,40.70539
680,ny,ny3774,Knickerbocker Ave & George St,-73.92836,40.704425
681,ny,ny3775,Suydam St & Knickerbocker Ave,-73.923769,40.702013
682,ny,ny3776,Central Ave & Starr Street,-73.92834,40.700003
683,ny,ny3777,Stockholm St & Wilson Ave,-73.923044,40.699304
684,ny,ny3778,Irving Ave & DeKalb Ave,-73.92095,40.7027
685,ny,ny3779,Hart St & Wyckoff Ave,-73.919911,40.704876
686,ny,ny3780,Wyckoff Av & Stanhope St,-73.917775,40.703545
687,ny,ny3781,Greene Av & Myrtle Av,-73.918877,40.698568
688,ny,ny3782,Brooklyn Bridge Park - Pier 2,-73.997178,40.698458
689,ny,ny3783,Cliff St & Fulton St,-74.00495,40.70838
690,ny,ny3785,W 42 St & 6 Ave,-73.98455,40.75492
691,ny,ny3786,Division St & Bowery,-73.996732,40.714193
692,ny,ny3787,Dock 72 Way & Market St,-73.97141,40.69985
693,ny,ny3789,Fulton St & Irving Pl,-73.959432,40.68186
694,ny,ny379,W 31 St & 7 Ave,-73.9916,40.749156
695,ny,ny3790,Henry St & Middagh St,-73.991581,40.7003
696,ny,ny3791,Hoboken Ave at Monmouth St,-74.0469637513161,40.7352083804536
697,ny,ny3792,Columbus Dr at Exchange Pl,-74.03281,40.71687
698,ny,ny3793,Stuyvesant Walk & 1 Av Loop,-73.9789838343859,40.7323397771511
699,ny,ny3795,10 St & 2 Ave,-73.993612,40.671907
700,ny,ny3798,W 40 St & 5 Ave,-73.982079,40.752269
701,ny,ny3799,6 Ave & W 34 St,-73.98805,40.74964
702,ny,ny380,W 4 St & 7 Ave S,-74.00293877,40.73401143
703,ny,ny3803,Bedford Ave & Montgomery St,-73.956934,40.665816
704,ny,ny3804,Front St & Jay St,-73.986842,40.702461
705,ny,ny3808,24 St & 41 Ave,-73.939991,40.752474
706,ny,ny3809,W 55 St & 6 Ave,-73.978434,40.763189
707,ny,ny3811,27 Ave & 3 St,-73.9342,40.77485
708,ny,ny3812,University Pl & E 14 St,-73.992085,40.734814
709,ny,ny3814,E 56 St & Madison Ave,-73.972628,40.761573
710,ny,ny3815,E 51 St & 2 Ave,-73.967641,40.755293
711,ny,ny3816,Metropolitan Ave & Vandervoort Ave,-73.93323,40.71429
712,ny,ny3817,Withers St & Kingsland Ave,-73.94051,40.71773
713,ny,ny3818,Calyer St & Jewel St,-73.94839,40.72984
714,ny,ny3819,Green St & McGuinness Blvd,-73.95204,40.73396
715,ny,ny3820,Willoughby Ave & Myrtle Ave,-73.93098,40.69757
716,ny,ny3821,Evergreen Ave & Noll St,-73.93318,40.70106
717,ny,ny3822,Bushwick Ave & Forrest St,-73.93641,40.70076
718,ny,ny3823,Beaver St & Fayette St,-73.93921,40.70099
719,ny,ny3824,Van Sinderen Ave & Truxton St,-73.90369,40.6786
720,ny,ny3825,Broadway & Furman Ave,-73.90756,40.68139
721,ny,ny3826,Moffat St & Bushwick,-73.90925,40.68458
722,ny,ny3827,Halsey St & Broadway,-73.91564,40.68565
723,ny,ny3828,Eldert St & Bushwick Ave,-73.91321,40.68652
724,ny,ny3829,Central Ave & Decatur St,-73.90798,40.6882
725,ny,ny383,Greenwich Ave & Charles St,-74.000271,40.735238
726,ny,ny3830,Halsey St & Evergreen Ave,-73.91227,40.68858
727,ny,ny3831,Broadway & Hancock St,-73.9168,40.68663
728,ny,ny3832,Central Ave & Weirfield St,-73.91181,40.69055
729,ny,ny3833,Madison St & Evergreen Ave,-73.91693,40.69122
730,ny,ny3834,Irving Ave & Halsey St,-73.90663,40.69467
731,ny,ny3835,Knickerbocker Ave & Hancock St,-73.90974,40.69385
732,ny,ny3836,Bushwick Ave & Linden St,-73.92146,40.69146
733,ny,ny3837,Broadway & Kosciuszko St,-73.92852,40.69329
734,ny,ny3838,Bushwick Ave & Harman St,-73.92524,40.69356
735,ny,ny3839,Putnam Ave & Knickerbocker Ave,-73.91164,40.69545
736,ny,ny3840,Putnam Ave & Wyckoff Ave,-73.90904,40.69811
737,ny,ny3841,Menahan St & Central Ave,-73.9196,40.69543
738,ny,ny3842,Bushwick Ave & Dekalb Ave,-73.92825,40.69502
739,ny,ny3843,Myrtle Ave & Grove St,-73.91516,40.69905
740,ny,ny3844,Myrtle Ave & Linden St,-73.91337,40.69943
741,ny,ny3845,Irving Ave & Harman St,-73.9179,40.70108
742,ny,ny3846,Central Ave & Himrod St,-73.92302,40.69676
743,ny,ny3847,Cedar St & Evergreen Ave,-73.92807,40.69671
744,ny,ny3848,Suydam St & Broadway,-73.93223,40.69544
745,ny,ny3849,Suydam St & St. Nicholas Ave,-73.91945,40.70636
746,ny,ny385,E 55 St & 2 Ave,-73.96603308,40.75797322
747,ny,ny3850,Jefferson St & Cypress Ave,-73.92157,40.70907
748,ny,ny3851,Metropolitan Ave & Stewart Ave,-73.92793,40.71401
749,ny,ny3852,Stewart Ave & Johnson Ave,-73.92587,40.70869
750,ny,ny3853,Harrison Pl & Porter Ave,-73.92851,40.70686
751,ny,ny3854,Morgan Ave & Maspeth Ave,-73.93637,40.716657
752,ny,ny3855,Frost St & Debevoise Ave,-73.93948,40.71882
753,ny,ny3856,Kingsland Ave & Nassau Ave,-73.94173,40.72577
754,ny,ny3857,Engert Ave & McGuinness Blvd,-73.94546,40.72158
755,ny,ny3858,Kent St & McGuinness Blvd,-73.95161,40.73124
756,ny,ny3859,Lorimer St & Calyer St,-73.95414,40.72795
757,ny,ny386,Centre St & Worth St,-74.00234482,40.71494807
758,ny,ny3860,Wilson Ave & Troutman St,-73.92754,40.70166
759,ny,ny3861,Menahan St & Wyckoff Ave,-73.91422,40.70113
760,ny,ny3862,Linden St & Knickerbocker Ave,-73.91566,40.69714
761,ny,ny3863,Central Ave & Woodbine St,-73.91605,40.69296
762,ny,ny3864,Central Ave & Covert St,-73.90951,40.68929
763,ny,ny3865,Knickerbocker Ave & Cooper St,-73.90448,40.69081
764,ny,ny3866,Wilson Ave & Moffat St,-73.90506,40.68906
765,ny,ny3867,Somers St & Broadway,-73.90474,40.67945
766,ny,ny3868,Knickerbocker Ave & Halsey St,-73.90824,40.693
767,ny,ny3869,Van Buren St & Broadway,-73.92617,40.692
768,ny,ny387,Centre St & Chambers St,-74.0046073,40.71273266
769,ny,ny3870,Melrose St & Broadway,-73.935877,40.697481
770,ny,ny3871,Bushwick Ave & Furman Ave,-73.90623,40.68281
771,ny,ny3872,Hancock St & Wyckoff Ave,-73.90674,40.6972
772,ny,ny3873,Madison St & Cypress Ave,-73.90742,40.70068
773,ny,ny3874,Menahan St & Seneca Ave,-73.91054,40.70461
774,ny,ny3875,Stephen St & Seneca Ave,-73.9007,40.6988
775,ny,ny3876,Forest Ave & Summerfield St,-73.89795,40.69922
776,ny,ny3877,Madison St & Forest Ave,-73.90245,40.70555
777,ny,ny3878,Cypress Ave & George St,-73.90271,40.69812
778,ny,ny3879,Broadway & Madison St,-73.91966,40.68822
779,ny,ny388,W 26 St & 10 Ave,-74.002950346,40.749717753
780,ny,ny3880,Willoughby Ave & Onderdonk Ave,-73.91727,40.7098
781,ny,ny3881,12 Ave & W 125 St,-73.960405,40.818299
782,ny,ny3882,Norman St & Wyckoff Ave,-73.90311,40.69517
783,ny,ny3883,Harman St & Seneca Ave,-73.91292,40.70577
784,ny,ny3884,Centre St & Seneca Ave,-73.9022,40.69969
785,ny,ny3885,Onderdonk Ave & Gates Ave,-73.90737,40.70413
786,ny,ny3886,Menahan St & Onderdonk Ave,-73.9096,40.70553
787,ny,ny3887,Flushing Ave & Woodward Ave,-73.91873,40.71246
788,ny,ny3888,Woodward Ave & Harman St,-73.91092,40.70793
789,ny,ny389,Broadway & Berry St,-73.96525063,40.71044554
790,ny,ny3890,Grove St & Broadway,-73.923511,40.69047
791,ny,ny3891,Irving Ave & Palmetto St,-73.9127,40.698
792,ny,ny3892,38 Ave & 29 St,-73.93367,40.75473
793,ny,ny3893,Rockaway Ave & Bainbridge St,-73.9116664230824,40.6831998817276
794,ny,ny3895,Cypress Ave & Palmetto St,-73.9087629318237,40.7015734087379
795,ny,ny3896,Madison St & Seneca Ave,-73.90625,40.70183
796,ny,ny3897,Onderdonk Ave & Dekalb Ave,-73.91497,40.70863
797,ny,ny3898,E 63 St & 3 Ave,-73.9646,40.763954
798,ny,ny3899,Manhattan Av & Leonard St,-73.94844,40.72084
799,ny,ny390,Duffield St & Willoughby St,-73.9842844,40.69221589
800,ny,ny3900,Morgan Ave & Lombardy St,-73.93889,40.72226
801,ny,ny3901,Stanhope St & Fairview Ave,-73.91116,40.70998
802,ny,ny3902,Fairview Ave & Linden St,-73.90632,40.70694
803,ny,ny3903,Jefferson Ave & Evergreen Ave,-73.91458,40.68989
804,ny,ny3905,4 Ave & E 12 St,-73.99011,40.732647
805,ny,ny3906,West St & Liberty St,-74.014847,40.711444
806,ny,ny3907,Central Ave & Melrose St,-73.93039,40.70112
807,ny,ny3909,Madison St & Woodward Ave,-73.90408,40.70408
808,ny,ny391,Clark St & Henry St,-73.99344559,40.69760127
809,ny,ny3910,Greene Ave & Grandview Ave,-73.907856,40.709697
810,ny,ny3911,Wyckoff St & Nevins St,-73.984275,40.683426
811,ny,ny3913,Sands St Gate,-73.979827,40.699569
812,ny,ny3914,West End Ave & W 78 St,-73.981687,40.783786
813,ny,ny3916,Pearl St & Peck Slip,-74.002751,40.708485
814,ny,ny3917,Willoughby St & Ashland Pl,-73.97877,40.69178
815,ny,ny3918,Avenue D & E 8 St,-73.975767,40.72387
816,ny,ny3919,Wall St & South St,-74.00637,40.70437
817,ny,ny392,Jay St & Tech Pl,-73.987167,40.695065
818,ny,ny3920,E 132 St & Madison Ave,-73.937195,40.810224
819,ny,ny3921,Willis Ave & Bruckner Blvd,-73.925177,40.805701
820,ny,ny3923,Lincoln Ave & E 134 St,-73.928803,40.808484
821,ny,ny3924,Lincoln Ave & E 138 St,-73.927311,40.810893
822,ny,ny3925,E 138 St & Canal St W,-73.929153,40.812304
823,ny,ny3926,5 Ave & W 131 St,-73.93973,40.81014
824,ny,ny3927,Lenox Ave & W 133 St,-73.941878,40.81296
825,ny,ny3928,Adam Clayton Powell Blvd & W 132 St,-73.94521,40.813539
826,ny,ny3929,Willis Ave & E 141 St,-73.921606,40.81093
827,ny,ny393,E 5 St & Avenue C,-73.97995466,40.72299208
828,ny,ny3930,E 142 St & 3 Ave,-73.923697,40.812735
829,ny,ny3931,Morris Ave & E 142 St,-73.924963,40.814469
830,ny,ny3932,Grand Concourse & E 144 St,-73.927987,40.816576
831,ny,ny3934,St Nicholas Ave & E 134 St,-73.948222,40.816234
832,ny,ny3935,Amsterdam Ave & W 131 St,-73.954295,40.816355
833,ny,ny3936,W 133 St & 12 Ave,-73.959089,40.820003
834,ny,ny3937,E 135 St & St Anns Ave,-73.918889,40.805089
835,ny,ny3938,E 133 St & Cypress Pl,-73.9174,40.80262
836,ny,ny3939,Willow Ave & E 133 St,-73.913863,40.800933
837,ny,ny394,E 9 St & Avenue C,-73.97768752,40.72521311
838,ny,ny3940,E 134 St & Walnut Ave,-73.911034,40.800425
839,ny,ny3941,Walnut Ave & E 136 St,-73.909513,40.801657
840,ny,ny3944,Convent Ave & W 135 St,-73.950988,40.818215
841,ny,ny3945,Amsterdam Ave & W 136 St,-73.951819,40.819746
842,ny,ny3946,St Nicholas Ave & W 137 St,-73.947568,40.818477
843,ny,ny3947,E 138 St & Willow Ave,-73.911545,40.804168
844,ny,ny3948,E 138 St & Cypress Ave,-73.914718,40.805559
845,ny,ny3949,Brook Ave & E 138 St,-73.91924,40.807408
846,ny,ny3950,Brook Ave & E 141 St,-73.917875,40.809619
847,ny,ny3951,E 141 St & St Anns Ave,-73.916124,40.808633
848,ny,ny3952,E 141 St & Jackson Ave,-73.911837,40.806896
849,ny,ny3954,Southern Blvd & E 142 St,-73.907999,40.807258
850,ny,ny3955,St Marys St & Jackson Ave,-73.91081,40.808891
851,ny,ny3956,St. Anns Ave & E 144 St,-73.914932,40.811112
852,ny,ny3957,E 144 St & Brook Ave,-73.917037,40.811675
853,ny,ny3958,Willis Ave & E 143 St,-73.92037,40.812299
854,ny,ny3959,Edgecombe Ave & W 145 St,-73.94386,40.823498
855,ny,ny396,Lefferts Pl & Franklin Ave,-73.9557689392,40.680342423
856,ny,ny3960,Hamilton Pl & W 140 St,-73.951346,40.822756
857,ny,ny3961,Morris Ave & E 153 St,-73.921411,40.820036
858,ny,ny3963,Melrose Ave & E 150 St,-73.917338,40.816827
859,ny,ny3965,E 149 St & Eagle Ave,-73.91186,40.814046
860,ny,ny3966,Wales Ave & E 147 St,-73.907729,40.811314
861,ny,ny3967,W 146 St & Broadway,-73.949738,40.826969
862,ny,ny3968,Propsect Ave & E 151 St,-73.903927,40.814232
863,ny,ny397,Fulton St & Clermont Ave,-73.96922273,40.68415748
864,ny,ny398,Atlantic Ave & Furman St,-73.9999786,40.69165183
865,ny,ny3986,E 149 St & Morris Ave,-73.922962,40.81734
866,ny,ny3987,E 149 St & Jackson Ave,-73.909235,40.813135
867,ny,ny3988,E 128 St & 3 Ave,-73.934077,40.805631
868,ny,ny3989,Willis Ave & E 137 St,-73.923604,40.808384
869,ny,ny399,Lafayette Ave & St James Pl,-73.9647628,40.68851534
870,ny,ny3992,W 169 St & Fort Washington Ave,-73.9421253,40.8428422
871,ny,ny3993,W 59 St & West End Ave,-73.990625,40.771771
872,ny,ny3994,2 Ave & E 125 St,-73.933509,40.802554
873,ny,ny3995,5 Ave & E 135 St,-73.937838,40.812191
874,ny,ny3996,Lexington Ave & E 128 St,-73.936085,40.806414
875,ny,ny3997,5 Av & W 139 St,-73.935856,40.815484
876,ny,ny3998,W 135 St & Lenox Terrace Pl,-73.939336,40.813619
877,ny,ny400,Pitt St & Stanton St,-73.98178024,40.71926081
878,ny,ny4000,Lenox Ave & W 144 St,-73.936521,40.819783
879,ny,ny4002,W 144 St & Adam Clayton Powell Blvd,-73.939249,40.820877
880,ny,ny4004,Edgecombe Ave & W 141 St,-73.945144,40.820681
881,ny,ny4005,St. Nicholas Terrace & Convent Ave,-73.947868,40.821294
882,ny,ny4006,E 147 St & Bergen Ave,-73.91839,40.814673
883,ny,ny4007,Riverside Dr & W 138 St,-73.955857,40.823168
884,ny,ny4009,Riverside Dr & W 145 St,-73.951989,40.827305
885,ny,ny401,Allen St & Rivington St,-73.98997825,40.72019576
886,ny,ny4010,W 145 St & Amsterdam Ave,-73.947257,40.825244
887,ny,ny4011,Westchester Ave & Jackson Ave,-73.908116,40.816124
888,ny,ny4012,W 148 St & Amsterdam Ave,-73.945909,40.827075
889,ny,ny4016,Adam Clayton Powell Blvd & W 130 St,-73.946168,40.812346
890,ny,ny4017,E 138 St & 5 Av,-73.936153,40.81449
891,ny,ny4019,St. Anns Av & Bruckner Blvd,-73.919763,40.803399
892,ny,ny402,Broadway & E 22 St,-73.98955109,40.7403432
893,ny,ny4020,Bradhurst Ave & W 148 St,-73.941616,40.825125
894,ny,ny4021,E 138 St & Grand Concourse,-73.930605,40.813224
895,ny,ny4023,Adam Clayton Powell Blvd & W 141 St,-73.941057,40.819241
896,ny,ny403,E 2 St & 2 Ave,-73.99069656,40.72502876
897,ny,ny4036,Motorgate,-73.9477213,40.7639089
898,ny,ny4037,Roosevelt Island Tramway,-73.9536,40.757284
899,ny,ny4038,Southpoint Park,-73.9586520195007,40.7537022541911
900,ny,ny405,Washington St & Gansevoort St,-74.008119,40.739323
901,ny,ny406,Hicks St & Montague St,-73.99595065,40.69512845
902,ny,ny408,Market St & Cherry St,-73.99400398,40.71076228
903,ny,ny410,Suffolk St & Stanton St,-73.98517977,40.72066442
904,ny,ny411,E 6 St & Avenue D,-73.97668709,40.72228087
905,ny,ny412,Forsyth St & Canal St,-73.99422366,40.7158155
906,ny,ny415,Pearl St & Hanover Square,-74.00926027,40.7047177
907,ny,ny416,Cumberland St & Lafayette Ave,-73.97265183,40.68753406
908,ny,ny417,Barclay St & Church St,-74.01020234,40.71291224
909,ny,ny418,Front St & Gold St,-73.982578,40.70224
910,ny,ny419,Carlton Ave & Park Ave,-73.97355569,40.69580705
911,ny,ny420,Clermont Ave & Lafayette Ave,-73.96968902,40.68764484
912,ny,ny421,Clermont Ave & Park Ave,-73.97129668,40.69573398
913,ny,ny422,W 59 St & 10 Ave,-73.988038,40.770513
914,ny,ny423,W 54 St & 9 Ave,-73.98690506,40.76584941
915,ny,ny426,West St & Chambers St,-74.01322069,40.71754834
916,ny,ny427,Bus Slip & State St,-74.013942,40.701907
917,ny,ny432,E 7 St & Avenue A,-73.98379855,40.72621788
918,ny,ny434,9 Ave & W 18 St,-74.00366443,40.74317449
919,ny,ny435,W 21 St & 6 Ave,-73.99415556,40.74173969
920,ny,ny436,Hancock St & Bedford Ave,-73.95399026,40.68216564
921,ny,ny437,Macon St & Nostrand Ave,-73.9500479759,40.6809833854
922,ny,ny438,St Marks Pl & 1 Ave,-73.98564945,40.72779126
923,ny,ny439,E 4 St & 2 Ave,-73.98978041,40.7262807
924,ny,ny440,E 45 St & 3 Ave,-73.97282625,40.75255434
925,ny,ny442,W 27 St & 7 Ave,-73.993915,40.746647
926,ny,ny443,Bedford Ave & S 9 St,-73.96408963,40.70853074
927,ny,ny445,E 10 St & Avenue A,-73.98142006,40.72740794
928,ny,ny446,W 24 St & 7 Ave,-73.99529885,40.74487634
929,ny,ny447,8 Ave & W 52 St,-73.9851615,40.76370739
930,ny,ny448,W 37 St & 10 Ave,-73.9979009,40.75660359
931,ny,ny450,W 49 St & 8 Ave,-73.98788205,40.76227205
932,ny,ny453,W 22 St & 8 Ave,-73.99915362,40.74475148
933,ny,ny454,E 51 St & 1 Ave,-73.96592976,40.75455731
934,ny,ny455,1 Ave & E 44 St,-73.96905301,40.75001986
935,ny,ny456,E 53 St & Madison Ave,-73.97402311,40.7597108
936,ny,ny458,11 Ave & W 27 St,-74.005226,40.751396
937,ny,ny459,W 20 St & 11 Ave,-74.007756,40.746745
938,ny,ny460,S 4 St & Wythe Ave,-73.96590294,40.71285887
939,ny,ny461,E 20 St & 2 Ave,-73.98205027,40.73587678
940,ny,ny462,W 22 St & 10 Ave,-74.00451887,40.74691959
941,ny,ny464,E 56 St & 3 Ave,-73.96759673,40.75934501
942,ny,ny465,Broadway & W 41 St,-73.98658032,40.75513557
943,ny,ny466,W 25 St & 6 Ave,-73.99144871,40.74395411
944,ny,ny467,Dean St & 4 Ave,-73.97895137,40.68312489
945,ny,ny468,Broadway & W 56 St,-73.98192338,40.7652654
946,ny,ny469,Broadway & W 53 St,-73.98268129,40.76344058
947,ny,ny470,W 20 St & 8 Ave,-74.00004031,40.74345335
948,ny,ny471,Grand St & Havemeyer St,-73.95698119,40.71286844
949,ny,ny472,E 32 St & Park Ave,-73.98194829,40.7457121
950,ny,ny473,Rivington St & Chrystie St,-73.9919254,40.72110063
951,ny,ny474,5 Ave & E 29 St,-73.98683077,40.7451677
952,ny,ny476,E 31 St & 3 Ave,-73.97966069,40.74394314
953,ny,ny477,W 41 St & 8 Ave,-73.9900262,40.75640548
954,ny,ny478,11 Ave & W 41 St,-73.99884222,40.76030096
955,ny,ny479,9 Ave & W 45 St,-73.9912551,40.76019252
956,ny,ny480,W 53 St & 10 Ave,-73.99061728,40.76669671
957,ny,ny481,S 3 St & Bedford Ave,-73.96264403,40.71260486
958,ny,ny482,W 15 St & 7 Ave,-73.99931783,40.73935542
959,ny,ny483,E 12 St & 3 Ave,-73.98889957,40.73223272
960,ny,ny484,W 44 St & 5 Ave,-73.98014437,40.75500254
961,ny,ny485,W 37 St & 5 Ave,-73.98338988,40.75038009
962,ny,ny486,Broadway & W 29 St,-73.98855723,40.7462009
963,ny,ny487,E 20 St & FDR Drive,-73.97573881,40.73314259
964,ny,ny489,10 Ave & W 28 St,-74.00176802,40.75066386
965,ny,ny490,8 Ave & W 33 St,-73.993934,40.751551
966,ny,ny491,E 24 St & Park Ave S,-73.98602213,40.74096374
967,ny,ny492,W 33 St & 7 Ave,-73.99093085,40.75019995
968,ny,ny493,W 45 St & 6 Ave,-73.98291153,40.7568001
969,ny,ny494,W 26 St & 8 Ave,-73.99723551,40.74734825
970,ny,ny495,W 47 St & 10 Ave,-73.99301222,40.76269882
971,ny,ny496,E 16 St & 5 Ave,-73.99238967,40.73726186
972,ny,ny497,E 17 St & Broadway,-73.99009296,40.73704984
973,ny,ny499,Broadway & W 60 St,-73.98191841,40.76915505
974,ny,ny500,Broadway & W 51 St,-73.98336183,40.76228826
975,ny,ny501,FDR Drive & E 35 St,-73.97121214,40.744219
976,ny,ny502,Henry St & Grand St,-73.981095,40.714211
977,ny,ny503,E 20 St & Park Ave,-73.98751968,40.73827428
978,ny,ny504,1 Ave & E 16 St,-73.98165557,40.73221853
979,ny,ny505,6 Ave & W 33 St,-73.98848395,40.74901271
980,ny,ny507,E 25 St & 2 Ave,-73.97973776,40.73912601
981,ny,ny508,W 46 St & 11 Ave,-73.99667444,40.76341379
982,ny,ny509,9 Ave & W 22 St,-74.00197139,40.7454973
983,ny,ny513,W 56 St & 10 Ave,-73.988639,40.768254
984,ny,ny514,12 Ave & W 40 St,-74.00277668,40.76087502
985,ny,ny515,W 43 St & 10 Ave,-73.99461843,40.76009437
986,ny,ny516,E 47 St & 1 Ave,-73.96784384,40.75206862
987,ny,ny517,Pershing Square South,-73.97791,40.751581
988,ny,ny518,E 39 St & 2 Ave,-73.9734419,40.74780373
989,ny,ny519,Pershing Square North,-73.977706,40.751873
990,ny,ny520,W 52 St & 5 Ave,-73.97648516,40.75992262
991,ny,ny522,E 51 St & Lexington Ave,-73.97207836,40.75714758
992,ny,ny523,W 38 St & 8 Ave,-73.99138152,40.75466591
993,ny,ny525,W 34 St & 11 Ave,-74.0021163,40.75594159
994,ny,ny526,E 33 St & 5 Ave,-73.98490707,40.74765947
995,ny,ny528,2 Ave & E 31 St,-73.97706058,40.74290902
996,ny,ny529,W 42 St & 8 Ave,-73.99098507,40.7575699
997,ny,ny530,11 Ave & W 59 St,-73.9904603362083,40.7714967105444
998,ny,ny531,Forsyth St & Broome St,-73.99266288,40.71893904
999,ny,ny532,S 5 Pl & S 5 St,-73.960876,40.710451
1000,ny,ny533,Broadway & W 38 St,-73.98721619,40.75299641
1001,ny,ny534,Water - Whitehall Plaza,-74.0127234,40.70255065
1002,ny,ny536,1 Ave & E 30 St,-73.97536082,40.74144387
1003,ny,ny539,Metropolitan Ave & Bedford Ave,-73.96024116,40.71534825
1004,ny,ny540,Lexington Ave & E 29 St,-73.9821535348892,40.7431155537649
1005,ny,ny545,E 23 St & 1 Ave,-73.97809472,40.736502
1006,ny,ny546,E 30 St & Park Ave S,-73.98303529,40.74444921
1007,ny,ny72,W 52 St & 11 Ave,-73.99392888,40.76727216
1008,ny,ny79,Franklin St & W Broadway,-74.00666661,40.71911552
1009,ny,ny82,St James Pl & Pearl St,-74.00016545,40.71117416
1010,ny,ny83,Atlantic Ave & Fort Greene Pl,-73.97632328,40.68382604
